,id,conversation_id,created_at,date,time,timezone,user_id,username,name,place,tweet,language,mentions,urls,photos,replies_count,retweets_count,likes_count,hashtags,cashtags,link,retweet,quote_url,video,thumbnail,near,geo,source,user_rt_id,user_rt,retweet_id,reply_to,retweet_date,translate,trans_src,trans_dest
1,1442133045096505361,1441037223982338051,2021-09-26 10:24:46 Eastern Daylight Time,2021-09-26,10:24:46,-400,106728983,r3dash,Ershad Kaleebullah,,"Zomato spazzing at 60 frames per second on the iPhone 13 Pro Max. Cc @zomato   Also, testing Twitter‚Äôs new video quality upgrade.  https://t.co/naHyKbUiDo",en,"[{'screen_name': 'zomato', 'name': 'zomato', 'id': '23283603'}]",[],[],1,1,4,[],[],https://twitter.com/r3dash/status/1442133045096505361,False,,1,https://pbs.twimg.com/ext_tw_video_thumb/1442132881363464213/pu/img/qxZk6y4R9DplygKV.jpg,,,,,,,[],,,,
2,1442132093962752001,1442132093962752001,2021-09-26 10:20:59 Eastern Daylight Time,2021-09-26,10:20:59,-400,19662517,emkwan,EMKWAN,,iPhone 13 Unboxing üíô   Let‚Äôs see if this video does well on twitter like it did on IG!  https://t.co/CsZlm6cZ6Q,en,[],[],[],0,2,10,[],[],https://twitter.com/emkwan/status/1442132093962752001,False,,1,https://pbs.twimg.com/ext_tw_video_thumb/1442131858435678214/pu/img/uH_HP68FFuFbZ0Gm.jpg,,,,,,,[],,,,
3,1442131912252747788,1442131912252747788,2021-09-26 10:20:16 Eastern Daylight Time,2021-09-26,10:20:16,-400,20542450,appleinsider,AppleInsider,,"After a few days of silence, on Sunday Apple confirmed that the iPhone 13 ""unlock with Apple Watch"" feature will be fixed with a software patch.  #iPhone13 #applewatch  https://t.co/nMeieKTky3  https://t.co/ukUboKYE4Q",en,[],['https://appleinsider.com/articles/21/09/26/apple-will-fix-iphone-13-unlock-with-apple-watch-soon'],['https://pbs.twimg.com/media/FAN7VKpX0AEp-hQ.jpg'],0,3,19,"['iphone13', 'applewatch']",[],https://twitter.com/appleinsider/status/1442131912252747788,False,,1,https://pbs.twimg.com/media/FAN7VKpX0AEp-hQ.jpg,,,,,,,[],,,,
5,1442131334693011456,1442131334693011456,2021-09-26 10:17:58 Eastern Daylight Time,2021-09-26,10:17:58,-400,15944436,9to5mac,9to5Mac.com,,Apple promises fix for broken 'Unlock with Apple Watch' feature on iPhone 13  https://t.co/Ub0GXSnVmW by @joseadorno,en,"[{'screen_name': 'joseadorno', 'name': 'jos√© adorno', 'id': '4927575377'}]",['https://9to5mac.com/2021/09/26/apple-promises-fix-for-broken-unlock-with-apple-watch-feature-on-iphone-13/'],[],0,5,43,[],[],https://twitter.com/9to5mac/status/1442131334693011456,False,,0,,,,,,,,[],,,,
7,1442130615617433600,1442130615617433600,2021-09-26 10:15:06 Eastern Daylight Time,2021-09-26,10:15:06,-400,3819701,zdnet,ZDNet,,Step by step: Setting up a new iPhone 13   https://t.co/0FZEgU4uaR,en,[],['https://www.zdnet.com/pictures/step-by-step-setting-up-a-new-iphone-13/?ftag=COS-05-10aaa0g&taid=6150806ab22f05000156910d&utm_campaign=trueAnthem%3A+Trending+Content&utm_medium=trueAnthem&utm_source=twitter'],[],0,0,0,[],[],https://twitter.com/ZDNet/status/1442130615617433600,False,,0,,,,,,,,[],,,,
11,1442128295676428298,1442128295676428298,2021-09-26 10:05:53 Eastern Daylight Time,2021-09-26,10:05:53,-400,19662517,emkwan,EMKWAN,,When you match your gym t-shirt with your ‚ÄòSierra Blue‚Äô iPhone 13 Pro Max üòÇ  https://t.co/9ED2PIbqCj,en,[],[],[],2,1,13,[],[],https://twitter.com/emkwan/status/1442128295676428298,False,,1,https://pbs.twimg.com/ext_tw_video_thumb/1442128250377961482/pu/img/rt5Gn9sGahONg001.jpg,,,,,,,[],,,,
12,1442127810781343751,1441884324245217283,2021-09-26 10:03:58 Eastern Daylight Time,2021-09-26,10:03:58,-400,1010181,dsilverman,Dwight Silverman,,@CubsWin1616 No. Late Night causes the issue.   Your EQ is set to off and CarPlay still crashes when you try to play a song? iPhone 13?,en,[],[],[],1,0,0,[],[],https://twitter.com/dsilverman/status/1442127810781343751,False,,0,,,,,,,,"[{'screen_name': 'CubsWin1616', 'name': 'Matthew Mike', 'id': '35736937'}]",,,,
14,1442127120638021635,1441986815179714560,2021-09-26 10:01:13 Eastern Daylight Time,2021-09-26,10:01:13,-400,3309375033,applesupport,Apple Support,,"@avakian_aren Hi there, we‚Äôre here to help. We‚Äôre aware of an issue where Unlock with Apple Watch may not work with iPhone 13 devices. This issue will be fixed in an upcoming software update. Here‚Äôs a resource:  https://t.co/MIg5wkrxT5",en,[],['https://s.apple.com/dH8h0o9d3A'],[],0,0,0,[],[],https://twitter.com/AppleSupport/status/1442127120638021635,False,,0,,,,,,,,"[{'screen_name': 'avakian_aren', 'name': 'Aren Avakian', 'id': '773236274102542336'}]",,,,
15,1442126969315934211,1442126969315934211,2021-09-26 10:00:37 Eastern Daylight Time,2021-09-26,10:00:37,-400,14987180,rsgnl,Joe Rossignol,,"Apple has identified an issue where ""Unlock with Apple Watch"" may not work with iPhone 13 devices. Apple says this issue will be fixed in an upcoming software update. iOS 15.1 is in beta now, but I imagine we'll get a quicker iOS 15.0.1 bug fix update.",en,[],[],[],3,4,22,[],[],https://twitter.com/rsgnl/status/1442126969315934211,False,https://twitter.com/MacRumors/status/1442126287661789192,0,,,,,,,,[],,,,
16,1442126845139296270,1442126845139296270,2021-09-26 10:00:07 Eastern Daylight Time,2021-09-26,10:00:07,-400,5459482,pocketlint,Pocket-lint,,Best Apple iPhone 13 cases: Top covers to protect your new smartphone  https://t.co/5HqigkA9rH @cambunton @apple  https://t.co/hwjKXuDW5a,en,"[{'screen_name': 'cambunton', 'name': 'cam bunton üè¥\U000e0067\U000e0062\U000e0077\U000e006c\U000e0073\U000e007f', 'id': '133715734'}, {'screen_name': 'apple', 'name': 'apple', 'id': '380749300'}]",['https://www.pocket-lint.com/phones/buyers-guides/apple/158395-best-apple-iphone-13-cases-pro-max-mini'],['https://pbs.twimg.com/media/FAN2uQ4VIAUuEb0.jpg'],0,0,0,[],[],https://twitter.com/Pocketlint/status/1442126845139296270,False,,1,https://pbs.twimg.com/media/FAN2uQ4VIAUuEb0.jpg,,,,,,,[],,,,
19,1442126287661789192,1442126287661789192,2021-09-26 09:57:55 Eastern Daylight Time,2021-09-26,09:57:55,-400,14861285,macrumors,MacRumors.com,,Apple to Fix Issue Preventing iPhone 13 Users From Unlocking With Apple Watch in Upcoming Software Update  https://t.co/LMXdsKqB5z by @rsgnl  https://t.co/qKAlPtXRBH,en,"[{'screen_name': 'rsgnl', 'name': 'joe rossignol', 'id': '14987180'}]",['https://www.macrumors.com/2021/09/26/apple-to-fix-iphone-13-unlock-with-apple-watch/'],['https://pbs.twimg.com/media/FAN2N2IVEAgmMXb.jpg'],12,25,178,[],[],https://twitter.com/MacRumors/status/1442126287661789192,False,,1,https://pbs.twimg.com/media/FAN2N2IVEAgmMXb.jpg,,,,,,,[],,,,
21,1442125011918098441,1442125011918098441,2021-09-26 09:52:50 Eastern Daylight Time,2021-09-26,09:52:50,-400,834400338312564736,halidecamera,Halide,,Beautiful! Spectre massively benefits from every camera improvement - you can even do macro long exposures on iPhone 13 Pro:,en,[],[],[],1,0,22,[],[],https://twitter.com/halidecamera/status/1442125011918098441,False,https://twitter.com/sethlazar/status/1442106185281204230,0,,,,,,,,[],,,,
22,1442123818655535111,1441981881654956033,2021-09-26 09:48:06 Eastern Daylight Time,2021-09-26,09:48:06,-400,3309375033,applesupport,Apple Support,,"@penguinguy13 Thanks for reaching out to us! We know it‚Äôs important to use your new iPhone 13 Pro with your Apple Watch. We have guidance about this here:  https://t.co/T1nHcGjqiU   If you have other questions, please DM us.  https://t.co/GDrqU22YpT",en,[],"['https://s.apple.com/dH5i4n7i0T', 'https://twitter.com/messages/compose?recipient_id=3309375033']",[],0,0,0,[],[],https://twitter.com/AppleSupport/status/1442123818655535111,False,,0,,,,,,,,"[{'screen_name': 'penguinguy13', 'name': 'Pengy  üêßüêßüêß', 'id': '368057677'}]",,,,
23,1442122301307330566,1442122301307330566,2021-09-26 09:42:04 Eastern Daylight Time,2021-09-26,09:42:04,-400,15944436,9to5mac,9to5Mac.com,,Face ID stops working if you replace the iPhone 13 screen with third-party repair [Video]  https://t.co/dLmX9ku5M2 by @joseadorno,en,"[{'screen_name': 'joseadorno', 'name': 'jos√© adorno', 'id': '4927575377'}]",['https://9to5mac.com/2021/09/26/face-id-stops-working-if-you-replace-the-iphone-13-screen-with-third-party-repair-video/'],[],6,26,121,[],[],https://twitter.com/9to5mac/status/1442122301307330566,False,,0,,,,,,,,[],,,,
27,1442116455928057856,1442115516303245322,2021-09-26 09:18:50 Eastern Daylight Time,2021-09-26,09:18:50,-400,62601419,vzwsupport,Verizon Wireless CS,,"@kamron_walker The iPhone 13 is an awesome phone! We want you to be able to get your hands on it as soon as possible. We can't say what stores will have it available since this phone is flying off the shelves! However, when you order online, there may be an in-store pickup option.  -Alicia",en,[],[],[],0,0,0,[],[],https://twitter.com/VZWSupport/status/1442116455928057856,False,,0,,,,,,,,"[{'screen_name': 'kamron_walker', 'name': 'Kam', 'id': '386311463'}]",,,,
28,1442116308011679744,1442116308011679744,2021-09-26 09:18:15 Eastern Daylight Time,2021-09-26,09:18:15,-400,17698709,superscientific,Danny Winget,,How Sneakerheads test the iPhone 13 Pro Macro Camera ü§£   https://t.co/mpJ1k46IwW  https://t.co/kTTRf8wmWg,en,[],['https://www.instagram.com/reel/CUST0lZA-bu/?utm_medium=copy_link'],['https://pbs.twimg.com/media/FANtI0cXMAA50o3.jpg'],2,2,41,[],[],https://twitter.com/superscientific/status/1442116308011679744,False,,1,https://pbs.twimg.com/media/FANtI0cXMAA50o3.jpg,,,,,,,[],,,,
29,1442115515313426435,1442115515313426435,2021-09-26 09:15:06 Eastern Daylight Time,2021-09-26,09:15:06,-400,3819701,zdnet,ZDNet,,The iPhone 13 feels rough and unfinished   https://t.co/7jrRi51Acb,en,[],['https://www.zdnet.com/article/the-iphone-13-feels-rough-and-unfinished/?ftag=COS-05-10aaa0g&taid=6150725ab22f0500015690dd&utm_campaign=trueAnthem%3A+Trending+Content&utm_medium=trueAnthem&utm_source=twitter'],[],0,1,1,[],[],https://twitter.com/ZDNet/status/1442115515313426435,False,,0,,,,,,,,[],,,,
30,1442115426784145413,1442115426784145413,2021-09-26 09:14:45 Eastern Daylight Time,2021-09-26,09:14:45,-400,1022439638,acetrainerliam,Ace Trainer Liam,,21-day delay on my iPhone 13 Pro Max üò≠üò≠üò≠,en,[],[],[],0,0,11,[],[],https://twitter.com/AceTrainerLiam/status/1442115426784145413,False,,0,,,,,,,,[],,,,
31,1442115112123310083,1442115112123310083,2021-09-26 09:13:30 Eastern Daylight Time,2021-09-26,09:13:30,-400,112066623,thejbeck,Jimmy Beck,,Need a Facebook business suite update to rollout as the cancel &amp; done buttons are on top of the battery / Wi-Fi etc. on the iPhone 13 Pro.  https://t.co/6w1gdl90ij,en,[],[],['https://pbs.twimg.com/media/FANsDSNXoAA5P7j.jpg'],0,0,0,[],[],https://twitter.com/theJBECK/status/1442115112123310083,False,,1,https://pbs.twimg.com/media/FANsDSNXoAA5P7j.jpg,,,,,,,[],,,,
32,1442114584647700485,1441450824023093250,2021-09-26 09:11:24 Eastern Daylight Time,2021-09-26,09:11:24,-400,20678384,vodafoneuk,Vodafone UK,,"@stiff_annie Hi Steph, sosorry, some customers who pre-ordered an iPhone 13 will receive their phone later than expected due to a delay in receiving the supply. We're working closely with Apple to get the order to you as soon as possible and DPD will notify you as soon as it's on the way. Kie",en,[],[],[],1,0,0,[],[],https://twitter.com/VodafoneUK/status/1442114584647700485,False,,0,,,,,,,,"[{'screen_name': 'stiff_annie', 'name': 'Steph', 'id': '1441449503987490817'}]",,,,
33,1442114583095746566,1441991646531358724,2021-09-26 09:11:24 Eastern Daylight Time,2021-09-26,09:11:24,-400,85741735,amazonhelp,Amazon Help,,"@abhishekjena84 We get your disappointment. As informed, our app is compatible with iPhone and requires iOS 13.0 or later. Kindly update for the same. Appreciate your understanding.  - Sriram",en,[],[],[],0,0,0,[],[],https://twitter.com/AmazonHelp/status/1442114583095746566,False,,0,,,,,,,,"[{'screen_name': 'abhishekjena84', 'name': 'abhishek jena', 'id': '231631949'}]",,,,
36,1442114012913836036,1441405646243565570,2021-09-26 09:09:08 Eastern Daylight Time,2021-09-26,09:09:08,-400,62601419,vzwsupport,Verizon Wireless CS,,"@dksart 1/2 Thank you for clarifying. Getting a free phone is fantastic. Please ensure that you're  reviewing information about a free phone promotional offer, in its entirety to view eligibility requirements. Check out our website about the iPhone 13 at  https://t.co/vQDZiVv8nW. üëç üì±",en,[],['http://spr.ly/6011JBRnH'],[],0,0,0,[],[],https://twitter.com/VZWSupport/status/1442114012913836036,False,,0,,,,,,,,"[{'screen_name': 'dksart', 'name': 'Debbie Ebbiebobebbie ~ she/them still @üè°üò∑üë©üèº\u200dü¶Ω', 'id': '44972189'}]",,,,
39,1442110161531854848,1442110161531854848,2021-09-26 08:53:50 Eastern Daylight Time,2021-09-26,08:53:50,-400,611823,macworld,Macworld,,The iPhone 13 and iPad mini are plenty fast. But the benchmarks don't tell the whole story of how powerful the A15 really is.  https://t.co/Hi2zVaoecI,en,[],['https://www.macworld.com/article/358585/a15-processor-iphone-13-ipad-mini-benchmarks.html'],[],0,0,8,[],[],https://twitter.com/macworld/status/1442110161531854848,False,,0,,,,,,,,[],,,,
40,1442109519098646533,1442109519098646533,2021-09-26 08:51:17 Eastern Daylight Time,2021-09-26,08:51:17,-400,4767528991,telanganatoday,Telangana Today,,How long an average Indian would have to work to afford an iPhone 13?  #iPhone13 #Apple   https://t.co/uIJb9oMPlV,en,[],['https://telanganatoday.com/how-long-an-average-indian-would-have-to-work-to-afford-iphone-13'],[],0,1,2,"['iphone13', 'apple']",[],https://twitter.com/TelanganaToday/status/1442109519098646533,False,,0,,,,,,,,[],,,,
43,1442105869450289153,1442105869450289153,2021-09-26 08:36:46 Eastern Daylight Time,2021-09-26,08:36:46,-400,19569136,caa_official,Calling All Astronauts,,"Getting an iPhone 13 Pro, I hope the battery lasts longer than my 8 Plus",en,[],[],[],3,2,11,[],[],https://twitter.com/CAA_Official/status/1442105869450289153,False,,0,,,,,,,,[],,,,
44,1442105714877485064,1442105714877485064,2021-09-26 08:36:10 Eastern Daylight Time,2021-09-26,08:36:10,-400,8216772,denverpost,The Denver Post,,Apple iPhone 13 review: The most incremental upgrade ever (via @nytimes)  https://t.co/NS4rxhfkUN,en,"[{'screen_name': 'nytimes', 'name': 'the new york times', 'id': '807095'}]",['https://dpo.st/2ZvFMGW'],[],0,0,1,[],[],https://twitter.com/denverpost/status/1442105714877485064,False,,0,,,,,,,,[],,,,
45,1442105659474935815,1442105659474935815,2021-09-26 08:35:56 Eastern Daylight Time,2021-09-26,08:35:56,-400,3992637442,technicalguruji,Gaurav Chaudhary,,"#248 Sunday Tech Masala - iPhone 13 Giveaway, IPL Vlog, 30K Phones...#BoloGurujiüî•üî•üî•  https://t.co/hc5RGY34DB via @YouTubeIndia",en,"[{'screen_name': 'youtubeindia', 'name': 'youtube india', 'id': '180380465'}]",['https://youtu.be/xeYkLakwgmY'],[],99,69,891,['bologuruji'],[],https://twitter.com/TechnicalGuruji/status/1442105659474935815,False,,0,,,,,,,,[],,,,
46,1442105385289089031,1442105385289089031,2021-09-26 08:34:51 Eastern Daylight Time,2021-09-26,08:34:51,-400,15237868,janrezab,Jan Rezab,,"iPhone 13 Pro experiences 48 hours later: #1 Camera is truly great. Especially for previously iPhone 11 users. Not sure about iPhone 12 (didnt have it) #2 The screen is the BIGGEST highlight - its insane. The refresh rate makes everything so smooth, its sad to see older phones ..",en,[],[],[],1,0,4,[],[],https://twitter.com/janrezab/status/1442105385289089031,False,,0,,,,,,,,[],,,,
50,1442097172950835200,1442097172950835200,2021-09-26 08:02:13 Eastern Daylight Time,2021-09-26,08:02:13,-400,16452299,pocketnow,Pocketnow,,Third-party apps won‚Äôt be able to take advantage of iPhone 13 Pro‚Äôs 120Hz ProMotion display by default  https://t.co/WjLPlVX0xX,en,[],['https://pocketnow.com/iphone-13-pro-120hz-limited-third-party-apps-imited-to-60hz'],[],1,4,19,[],[],https://twitter.com/Pocketnow/status/1442097172950835200,False,,0,,,,,,,,[],,,,
51,1442097067766149121,1442097067766149121,2021-09-26 08:01:48 Eastern Daylight Time,2021-09-26,08:01:48,-400,481600084,bencsin,ben,,iPhone 13 Pro Max on a DJI OM5. So smooth.  https://t.co/eCLlu5IlZT,en,[],[],[],1,4,37,[],[],https://twitter.com/bencsin/status/1442097067766149121,False,,1,https://pbs.twimg.com/ext_tw_video_thumb/1442096883627790340/pu/img/qPQjrfBY2bYQRfJ5.jpg,,,,,,,[],,,,
52,1442096868503212037,1442096868503212037,2021-09-26 08:01:00 Eastern Daylight Time,2021-09-26,08:01:00,-400,16887507,androidcentral,Android Central,,"Instead of the iPhone 13 or Galaxy Fold 3, you could buy up to 100 cheese pizzas, 5 budget phones, 7 years of Netflix, and a whole lot more, says Android Central's Shruti Shekar. Read more here!  https://t.co/2hF0bg11qo",en,[],['https://www.androidcentral.com/samsung-fold-apple-iphone?utm_source=ac_tw&utm_medium=tw_card&utm_content=104209&utm_campaign=social'],[],4,8,61,[],[],https://twitter.com/androidcentral/status/1442096868503212037,False,,0,,,,,,,,[],,,,
53,1442096701745942529,1442096701745942529,2021-09-26 08:00:21 Eastern Daylight Time,2021-09-26,08:00:21,-400,3819701,zdnet,ZDNet,,New iPhone 13? Don't forget to update!   https://t.co/LMTttmt8at,en,[],['https://www.zdnet.com/article/new-iphone-13-dont-forget-to-update/?ftag=COS-05-10aaa0g&taid=615060d5b22f0500015690a6&utm_campaign=trueAnthem%3A+Trending+Content&utm_medium=trueAnthem&utm_source=twitter'],[],0,0,1,[],[],https://twitter.com/ZDNet/status/1442096701745942529,False,,0,,,,,,,,[],,,,
55,1442095049450278912,1442095049450278912,2021-09-26 07:53:47 Eastern Daylight Time,2021-09-26,07:53:47,-400,17064400,tomsguide,Tom's Guide,,You don't have to use your new iPhone 13 Pro to take hundreds of puppy photos‚Ä¶ but we'll totally understand if you do  https://t.co/xMeTIJemVS,en,[],['https://trib.al/5Y6psLA'],[],0,0,0,[],[],https://twitter.com/tomsguide/status/1442095049450278912,False,,0,,,,,,,,[],,,,
57,1442092482788003840,1442092482788003840,2021-09-26 07:43:35 Eastern Daylight Time,2021-09-26,07:43:35,-400,482605939,onelinders,Peter Linder #Grok5G,,#5G on the iPhone 13 Has an Eye on the Future  https://t.co/f0jedOc2H0 #PCMag,en,[],['https://www.pcmag.com/news/5g-on-the-iphone-13-has-an-eye-on-the-future'],[],0,0,0,"['5g', 'pcmag']",[],https://twitter.com/OneLinders/status/1442092482788003840,False,,0,,,,,,,,[],,,,
60,1442089072697098246,1442089072697098246,2021-09-26 07:30:02 Eastern Daylight Time,2021-09-26,07:30:02,-400,15383958,redmondpie,Redmond Pie,,"Battery Life Drain Test Compares iPhone 13 Pro Max / Pro / 13 / mini With iPhone 12, 11, SE:  https://t.co/08K6wEGyhj  https://t.co/lED313sh3y",en,[],['https://buff.ly/2Wi8sly'],['https://pbs.twimg.com/media/FANUXlhX0AQplan.jpg'],0,1,2,[],[],https://twitter.com/RedmondPie/status/1442089072697098246,False,,1,https://pbs.twimg.com/media/FANUXlhX0AQplan.jpg,,,,,,,[],,,,
61,1442088880606355459,1442088880606355459,2021-09-26 07:29:16 Eastern Daylight Time,2021-09-26,07:29:16,-400,14885549,forbestech,Forbes Tech,,"Apple iPhone 13 Pro Max Review: Familiar Looks, Cool Innovations  https://t.co/LQe5862A1J  https://t.co/stWjfz6fmA",en,[],['https://www.forbes.com/sites/davidphelan/2021/09/26/apple-iphone-13-pro-max-review-familiar-looks-cool-innovations/?utm_campaign=forbes&utm_source=twitter&utm_medium=social&utm_term=Carrie'],['https://pbs.twimg.com/media/FANUMe_VEAAbKbn.jpg'],1,3,17,[],[],https://twitter.com/ForbesTech/status/1442088880606355459,False,,1,https://pbs.twimg.com/media/FANUMe_VEAAbKbn.jpg,,,,,,,[],,,,
62,1442088279088635908,1442088279088635908,2021-09-26 07:26:53 Eastern Daylight Time,2021-09-26,07:26:53,-400,820673148295192577,every_daydad,Gary,,"Today I‚Äôve got a fully charged iPhone 13 Pro max, a spring in my step, and a support belt on (this thing is heavy).  I don‚Äôt imagine any issues, but let‚Äôs see how this handles a normal day of use.  https://t.co/7TiLUyqIBf",en,[],[],['https://pbs.twimg.com/media/FANTpWPXoAIpBFy.jpg'],14,0,134,[],[],https://twitter.com/every_daydad/status/1442088279088635908,False,,1,https://pbs.twimg.com/media/FANTpWPXoAIpBFy.jpg,,,,,,,[],,,,
65,1442086531737522177,1441360475057389577,2021-09-26 07:19:56 Eastern Daylight Time,2021-09-26,07:19:56,-400,7117212,ee,EE,,"@ItsJamesPowers Hiya James, Thank you for your response.  i am really sorry  about the delay in the iPhone delivery. This is due to a technical error following high demand for the new iPhone 13. all up to date info can be found on   https://t.co/r9oByBEslP Thanks -Ashley",en,[],['https://community.ee.co.uk/t5/Apple/iPhone-13-delivery-queries/td-p/1081770'],[],0,0,0,[],[],https://twitter.com/EE/status/1442086531737522177,False,,0,,,,,,,,"[{'screen_name': 'ItsJamesPowers', 'name': 'James Powers üè¥\U000e0067\U000e0062\U000e0065\U000e006e\U000e0067\U000e007f', 'id': '578847558'}]",,,,
67,1442083269445623810,1441874749450330124,2021-09-26 07:06:58 Eastern Daylight Time,2021-09-26,07:06:58,-400,3786718342,taynixster,Taylor Lyles,,@AmandaFarough There's so many friendo‚Äôs I know that got the iPhone 13 Pro in that color! Myself included!   Great choice in a phone upgrade!,en,[],[],[],0,0,1,[],[],https://twitter.com/TayNixster/status/1442083269445623810,False,,0,,,,,,,,"[{'screen_name': 'AmandaFarough', 'name': 'Manda üè≥Ô∏è\u200düåà', 'id': '9440792'}]",,,,
68,1442082357142450177,1442054708730859521,2021-09-26 07:03:21 Eastern Daylight Time,2021-09-26,07:03:21,-400,246284989,kingpmoney,P Money,,@_khany @JustJamieHDG Big up! Gonna try both S21 and latest iPhone 13 pro,en,[],[],[],0,0,0,[],[],https://twitter.com/KingPMoney/status/1442082357142450177,False,,0,,,,,,,,"[{'screen_name': '_khany', 'name': 'Joseph Kane', 'id': '22523300'}, {'screen_name': 'JustJamieHDG', 'name': 'JustJamie', 'id': '1926362432'}]",,,,
72,1442072444722946050,1442067915323359233,2021-09-26 06:23:57 Eastern Daylight Time,2021-09-26,06:23:57,-400,7117212,ee,EE,,"@_Dolliechops Thanks Hollie, we have a dedicated page up on our Community with all the information you need regarding deliveries for the iPhone 13 Pro Max.   You can check this out over at  https://t.co/r9oByBEslP, and will continue to keep you updated too - Peter",en,[],['https://community.ee.co.uk/t5/Apple/iPhone-13-delivery-queries/td-p/1081770'],[],1,0,0,[],[],https://twitter.com/EE/status/1442072444722946050,False,,0,,,,,,,,"[{'screen_name': '_Dolliechops', 'name': 'Hollie Yearwood', 'id': '101740955'}]",,,,
73,1442069223589793795,1442067915323359233,2021-09-26 06:11:09 Eastern Daylight Time,2021-09-26,06:11:09,-400,7117212,ee,EE,,"@_Dolliechops Good morning Hollie, I hope you've been having a great weekend. and I totally get that you'll want to get hold of your new iPhone as soon as you can too!  Let's see what we can get checked out with this, which model of the iPhone 13 did you go for here? - Peter",en,[],[],[],1,0,1,[],[],https://twitter.com/EE/status/1442069223589793795,False,,0,,,,,,,,"[{'screen_name': '_Dolliechops', 'name': 'Hollie Yearwood', 'id': '101740955'}]",,,,
74,1442067929885859849,1441763257006624769,2021-09-26 06:06:01 Eastern Daylight Time,2021-09-26,06:06:01,-400,6503412,sdw,Sebastiaan de With,,"For those extra perceptive followers: yes, that means I just got an iPhone 13 Pro and yes, I‚Äôm going to attach it to my motorcycle handlebars. Wish my camera luck. ü§û",en,[],[],[],6,0,82,[],[],https://twitter.com/sdw/status/1442067929885859849,False,,0,,,,,,,,[],,,,
75,1442066904185769986,1442066904185769986,2021-09-26 06:01:56 Eastern Daylight Time,2021-09-26,06:01:56,-400,16896485,inc,Inc.,,This is the iPhone 13 you should get. @jasonaten  https://t.co/bHzfeynGFm,en,"[{'screen_name': 'jasonaten', 'name': 'jason aten', 'id': '17373399'}]",['http://on.inc.com/hbLw0f0'],[],0,1,13,[],[],https://twitter.com/Inc/status/1442066904185769986,False,,0,,,,,,,,[],,,,
76,1442066855640793097,1442066855640793097,2021-09-26 06:01:45 Eastern Daylight Time,2021-09-26,06:01:45,-400,145851433,c4etech,C4ETech,,Is the iPhone 13 the Best Value iPhone in 2021?  https://t.co/BlsQh0Mab7  https://t.co/g2bIfmALgC,en,[],['https://youtu.be/vTxnVgfDcHQ'],['https://pbs.twimg.com/media/FANAKZAVUAA3YH3.jpg'],12,9,220,[],[],https://twitter.com/C4ETech/status/1442066855640793097,False,,1,https://pbs.twimg.com/media/FANAKZAVUAA3YH3.jpg,,,,,,,[],,,,
79,1442066420049797128,1442066420049797128,2021-09-26 06:00:01 Eastern Daylight Time,2021-09-26,06:00:01,-400,1612504999,biindia,Business Insider IndiaüáÆüá≥,,"#Bitcoin scammers used #Apple's iPhone 13 reveal to steal $69,000 from fans    https://t.co/VcTwKmdUcL",en,[],['https://www.businessinsider.in/cryptocurrency/news/bitcoin-scammers-used-apples-iphone-13-reveal-to-steal-69000-from-fans/articleshow/86424300.cms'],[],0,2,2,"['bitcoin', 'apple']",[],https://twitter.com/BiIndia/status/1442066420049797128,False,,0,,,,,,,,[],,,,
81,1442066145087983616,1442066145087983616,2021-09-26 05:58:55 Eastern Daylight Time,2021-09-26,05:58:55,-400,18080002,adrianweckler,Adrian Weckler,,Video portrait mode (‚Äòcinematic mode‚Äô) on iPhone 13 creates background depth of field  https://t.co/soI6BITKGx,en,[],[],[],3,0,22,[],[],https://twitter.com/adrianweckler/status/1442066145087983616,False,,1,https://pbs.twimg.com/ext_tw_video_thumb/1442066085063311360/pu/img/rnUc4Pj_Iq8rBDE1.jpg,,,,,,,[],,,,
82,1442065828753588225,1442065828753588225,2021-09-26 05:57:40 Eastern Daylight Time,2021-09-26,05:57:40,-400,919283569,thesuntech,The Sun Tech,,The best iPhone 13 tricks and tips ‚Äì including macro photos and cinematic video  https://t.co/gqOPimTxtk,en,[],['https://www.thesun.co.uk/tech/16231618/the-best-iphone-13-tricks/?utm_term=Autofeed&utm_medium=Social&utm_source=Twitter#Echobox=1632640884'],[],0,0,0,[],[],https://twitter.com/TheSunTech/status/1442065828753588225,False,,0,,,,,,,,[],,,,
87,1442058886643474440,1442058886643474440,2021-09-26 05:30:05 Eastern Daylight Time,2021-09-26,05:30:05,-400,15383958,redmondpie,Redmond Pie,,"Best iPhone 13, 13 Pro Tempered Glass Screen Protectors Available Today [List]  https://t.co/fzTyH9II5a  https://t.co/t2sgL5uLjc",en,[],['https://buff.ly/3nHPVuh'],"['https://pbs.twimg.com/media/FAM46doVQAANSje.jpg', 'https://pbs.twimg.com/media/FAM46cnWYAAMUZo.jpg']",0,0,1,[],[],https://twitter.com/RedmondPie/status/1442058886643474440,False,,1,https://pbs.twimg.com/media/FAM46doVQAANSje.jpg,,,,,,,[],,,,
89,1442057231738892289,1442057231738892289,2021-09-26 05:23:30 Eastern Daylight Time,2021-09-26,05:23:30,-400,23328929,argos_online,Argos,,"@E3boi _Morning, the iPhone 13 is very popular so its sells out instantly we will be having more stock that is why it is on our website. Regards - Pauline",en,[],[],[],1,0,1,[],[],https://twitter.com/Argos_Online/status/1442057231738892289,False,,0,,,,,,,,[],,,,
92,1442051404688867341,1442051404688867341,2021-09-26 05:00:21 Eastern Daylight Time,2021-09-26,05:00:21,-400,3819701,zdnet,ZDNet,,The iPhone 13 feels rough and unfinished   https://t.co/PNM9W44qak,en,[],['https://www.zdnet.com/article/the-iphone-13-feels-rough-and-unfinished/?ftag=COS-05-10aaa0g&taid=615036a4c9cd4700013348cf&utm_campaign=trueAnthem%3A+Trending+Content&utm_medium=trueAnthem&utm_source=twitter'],[],2,0,6,[],[],https://twitter.com/ZDNet/status/1442051404688867341,False,,0,,,,,,,,[],,,,
93,1442050520563306497,1441862220468604928,2021-09-26 04:56:50 Eastern Daylight Time,2021-09-26,04:56:50,-400,7117212,ee,EE,,"@itsdillylive Thank you, We‚Äôre working as a matter of priority to get your iPhone 13 Pro Max to you as swiftly as possible ‚Äì and if you receive a message from our courier DPD, please follow their guidance. The current delivery status is showing up to 7 days. -Shabs",en,[],[],[],0,0,0,[],[],https://twitter.com/EE/status/1442050520563306497,False,,0,,,,,,,,"[{'screen_name': 'itsdillylive', 'name': 'itsdilly', 'id': '1291024846223269888'}]",,,,
94,1442050495644848132,1442046104086978562,2021-09-26 04:56:44 Eastern Daylight Time,2021-09-26,04:56:44,-400,7117212,ee,EE,,"@Alexandrukore99 No problem at all, just as a quick heads up, we are estimating around 21 days for delivery on the iPhone 13 Pro Max right now, but there are some variants of the standard iPhone 13 and 13 Pro that should be available a fair bit sooner - Peter",en,[],[],[],0,0,0,[],[],https://twitter.com/EE/status/1442050495644848132,False,,0,,,,,,,,"[{'screen_name': 'Alexandrukore99', 'name': 'Alexandru', 'id': '934115792660115456'}]",,,,
95,1442045584051892227,1442045584051892227,2021-09-26 04:37:13 Eastern Daylight Time,2021-09-26,04:37:13,-400,3819701,zdnet,ZDNet,,The iPhone 13 feels rough and unfinished  https://t.co/8RkIlNTDFC by @the_pc_doc,en,"[{'screen_name': 'the_pc_doc', 'name': 'adrian kingsley-hughes üöÄ', 'id': '52379675'}]",['https://zd.net/3zThJ1f'],[],0,1,6,[],[],https://twitter.com/ZDNet/status/1442045584051892227,False,,0,,,,,,,,[],,,,
96,1442045402942001155,1441296844336730117,2021-09-26 04:36:30 Eastern Daylight Time,2021-09-26,04:36:30,-400,20678384,vodafoneuk,Vodafone UK,,"@wnekati_ Hi Kasia, we're really sorry, some customers who pre-ordered an iPhone 13 will receive their phone later than expected due to a delay in receiving the supply.   We're working closely with Apple to get your order to you as soon as possible. Kieron",en,[],[],[],0,0,0,[],[],https://twitter.com/VodafoneUK/status/1442045402942001155,False,,0,,,,,,,,"[{'screen_name': 'wnekati_', 'name': 'Kasia Wnƒôk', 'id': '456307825'}]",,,,
97,1442044410691260416,1441907755904749568,2021-09-26 04:32:34 Eastern Daylight Time,2021-09-26,04:32:34,-400,7272092,marcsettle,Marc Blank-Settle,,"@Rob_Layton only with something next to it to give it a sense of scale, like an iPhone. If the spider is bigger than an iPhone 13 pro max, then I rescind my request. üò±",en,[],[],[],0,0,0,[],[],https://twitter.com/MarcSettle/status/1442044410691260416,False,,0,,,,,,,,"[{'screen_name': 'Rob_Layton', 'name': 'Rob Layton', 'id': '276344418'}]",,,,
100,1442038433950560257,1442038433950560257,2021-09-26 04:08:49 Eastern Daylight Time,2021-09-26,04:08:49,-400,3992637442,technicalguruji,Gaurav Chaudhary,,"‚Çπ10,38,700 Crazy iPhone 13 Shopping For Youüî•üî•üî•  https://t.co/DmTUzojNoF via @YouTubeIndia",en,"[{'screen_name': 'youtubeindia', 'name': 'youtube india', 'id': '180380465'}]",['https://youtu.be/SqqJ2zPXvyk'],[],335,241,2305,[],[],https://twitter.com/TechnicalGuruji/status/1442038433950560257,False,,0,,,,,,,,[],,,,
102,1442036337364897799,1442036337364897799,2021-09-26 04:00:29 Eastern Daylight Time,2021-09-26,04:00:29,-400,197150180,graziaindia,Grazia India,,Wondering if you should buy a new phone? #AditiRaoHydari's experience with the new #iPhone 13 might just help you decide  #new #technology #celebrity  https://t.co/G4GVXiaMAI,en,[],['https://www.grazia.co.in/lifestyle/celebrity-gadgets-aditi-rao-hydari-helps-us-pick-a-new-phone-8178.html'],[],0,1,1,"['aditiraohydari', 'iphone', 'new', 'technology', 'celebrity']",[],https://twitter.com/GraziaIndia/status/1442036337364897799,False,,0,,,,,,,,[],,,,
104,1442033661314883584,1442033661314883584,2021-09-26 03:49:51 Eastern Daylight Time,2021-09-26,03:49:51,-400,172293284,gadgetsnow,Gadgets Now,,"Sony‚Äôs new Rs 13 lakh TV, new launches from Redmi, Realme, iPhone 13 goes on sale and more top tech news of the week. Tap to know   https://t.co/PIyMZe1a8T",en,[],['https://www.gadgetsnow.com/slideshows/apple-iphone-13-goes-on-sale-sonys-new-rs-13-lakh-tv-new-launches-from-redmi-realme-and-more/photolist/86510303.cms'],[],0,1,7,[],[],https://twitter.com/gadgetsnow/status/1442033661314883584,False,,0,,,,,,,,[],,,,
109,1442030528127852546,1441487424207691778,2021-09-26 03:37:24 Eastern Daylight Time,2021-09-26,03:37:24,-400,20678384,vodafoneuk,Vodafone UK,,"@Tracey12316 Hey there üëã Thank you for your patience, we are super busy on the phone lines at the moment with the exciting iPhone 13 launch.  Our webchat team can process upgrades for you so if you speak to them they will be able help you out üòÅ Phil",en,[],[],[],0,0,0,[],[],https://twitter.com/VodafoneUK/status/1442030528127852546,False,,0,,,,,,,,"[{'screen_name': 'Tracey12316', 'name': 'Tracey123', 'id': '1280491536623550465'}]",,,,
113,1442028697410682887,1442028697410682887,2021-09-26 03:30:07 Eastern Daylight Time,2021-09-26,03:30:07,-400,3819701,zdnet,ZDNet,,New iPhone 13? Don't forget to update!   https://t.co/Wf0zT7xVwF,en,[],['https://www.zdnet.com/article/new-iphone-13-dont-forget-to-update/?ftag=COS-05-10aaa0g&taid=6150217f5379b70001bcd7eb&utm_campaign=trueAnthem%3A+Trending+Content&utm_medium=trueAnthem&utm_source=twitter'],[],0,1,0,[],[],https://twitter.com/ZDNet/status/1442028697410682887,False,,0,,,,,,,,[],,,,
114,1442028685658365954,1442028685658365954,2021-09-26 03:30:04 Eastern Daylight Time,2021-09-26,03:30:04,-400,15383958,redmondpie,Redmond Pie,,"Battery Life Drain Test Compares iPhone 13 Pro Max / Pro / 13 / mini With iPhone 12, 11, SE  https://t.co/08K6wEY9FT  https://t.co/r4tp0hVJ9g",en,[],['https://buff.ly/2Wi8sly'],['https://pbs.twimg.com/media/FAMdci0UUAM_EwF.jpg'],0,0,1,[],[],https://twitter.com/RedmondPie/status/1442028685658365954,False,,1,https://pbs.twimg.com/media/FAMdci0UUAM_EwF.jpg,,,,,,,[],,,,
115,1442025767022448648,1442025767022448648,2021-09-26 03:18:29 Eastern Daylight Time,2021-09-26,03:18:29,-400,33836629,karpathy,Andrej Karpathy,,"Moved to iPhone 13 Pro from my 12 mini. Reeeaaally disliking the much bigger/heavier form ;(, but liking ProMotion, cameras++ and extra battery. (I usually had to charge the 12 mini later in evenings.) But overall thinking I made a mistake. Which iPhone form do you all like best?",en,[],[],[],142,10,185,[],[],https://twitter.com/karpathy/status/1442025767022448648,False,,0,,,,,,,,[],,,,
121,1442022154950807553,1442022154950807553,2021-09-26 03:04:07 Eastern Daylight Time,2021-09-26,03:04:07,-400,28090436,supersaf,Safwan AhmedMia,,iPhone 13 Pro Max Photo Dump üëçüèΩ  https://t.co/BVlZsgHt3k,en,[],[],"['https://pbs.twimg.com/media/FAMXgElVIAU17gJ.jpg', 'https://pbs.twimg.com/media/FAMXgEkUYAY9tQM.jpg', 'https://pbs.twimg.com/media/FAMXgEDX0AQupl8.jpg', 'https://pbs.twimg.com/media/FAMXgFuXMAE3lrS.jpg']",21,45,1223,[],[],https://twitter.com/SuperSaf/status/1442022154950807553,False,,1,https://pbs.twimg.com/media/FAMXgElVIAU17gJ.jpg,,,,,,,[],,,,
124,1442016564614627331,1442016564614627331,2021-09-26 02:41:55 Eastern Daylight Time,2021-09-26,02:41:55,-400,16015009,jasonogrady,Jason O'Grady ‚ö°Ô∏è,,Both squares are in sync on my iPhone 13 Pro. How does the test look on your screen? ü§∑üèº‚Äç‚ôÇÔ∏è,en,[],[],[],0,1,0,[],[],https://twitter.com/JasonOGrady/status/1442016564614627331,False,https://twitter.com/marcedwards/status/1053519077958803456,0,,,,,,,,[],,,,
125,1442015639594438663,1442015639594438663,2021-09-26 02:38:14 Eastern Daylight Time,2021-09-26,02:38:14,-400,835839927443062788,shokeensanchit,Sanchit Shokeen,,iPhone 13 &amp; 13 Mini Unboxing: AVERAGE Phones! | #TechBar    https://t.co/zkXzrrmiw0,en,[],['https://youtu.be/_ulvjdSt5qU'],[],7,13,213,['techbar'],[],https://twitter.com/ShokeenSanchit/status/1442015639594438663,False,,0,,,,,,,,[],,,,
127,1442013579272622081,1442013579272622081,2021-09-26 02:30:03 Eastern Daylight Time,2021-09-26,02:30:03,-400,15383958,redmondpie,Redmond Pie,,Developers Will Be Able To Take Advantage Of iPhone 13‚Äôs ProMotion Display For Their Apps  https://t.co/4I6tY5ilqi  https://t.co/DNvpdGvlmU,en,[],['https://buff.ly/3i7BbRF'],['https://pbs.twimg.com/media/FAMPtPIVQBMautw.jpg'],0,1,5,[],[],https://twitter.com/RedmondPie/status/1442013579272622081,False,,1,https://pbs.twimg.com/media/FAMPtPIVQBMautw.jpg,,,,,,,[],,,,
128,1442013575317438465,1442013575317438465,2021-09-26 02:30:02 Eastern Daylight Time,2021-09-26,02:30:02,-400,1245203225478754305,bewakoof,Bewakoof,,When you're ready to give Chaand and Taare to your girlfriend but she wants Iphone 13 pro üò®  https://t.co/6tKzhBN3Ca,en,[],[],['https://pbs.twimg.com/media/FAMPs-3VcAIEoQW.jpg'],3,1,9,[],[],https://twitter.com/bewakoof/status/1442013575317438465,False,,1,https://pbs.twimg.com/media/FAMPs-3VcAIEoQW.jpg,,,,,,,[],,,,
129,1442013567243329540,1442013567243329540,2021-09-26 02:30:00 Eastern Daylight Time,2021-09-26,02:30:00,-400,43077446,gadgets360,Gadgets 360,,"iPhone 13, Apple Watch Series 7 mark a boring year for Apple  #OrbitalPodcast   https://t.co/D8Ta1a98LU",en,[],['https://gadgets.ndtv.com/podcasts/features/iphone-13-price-in-india-ipad-mini-2021-9th-apple-watch-series-7-pro-max-launch-orbital-podcast-2544029'],[],0,6,27,['orbitalpodcast'],[],https://twitter.com/Gadgets360/status/1442013567243329540,False,,0,,,,,,,,[],,,,
133,1442004427284508672,1441496977942876163,2021-09-26 01:53:41 Eastern Daylight Time,2021-09-26,01:53:41,-400,1304532979327344648,backbone,Backbone,,"@JustinWoodman Hey! Since the experience of using an iPhone 13 Pro with Backbone One isn't as ideal as we'd prefer, we're releasing a free 3D printable adapter. Check out some more information here:   https://t.co/64xutNqJZo",en,[],['https://www.reddit.com/r/Backbone/comments/pvhl98/backbone_one_iphone_13_pro_pro_max_adapter/?utm_source=share&utm_medium=web2x&context=3'],[],1,0,1,[],[],https://twitter.com/backbone/status/1442004427284508672,False,,0,,,,,,,,"[{'screen_name': 'JustinWoodman', 'name': 'justin woodman', 'id': '377579198'}]",,,,
134,1442004284703313925,1441742235196854277,2021-09-26 01:53:07 Eastern Daylight Time,2021-09-26,01:53:07,-400,1304532979327344648,backbone,Backbone,,"@_RyanBritt Hey! Since the experience of using an iPhone 13 Pro with Backbone One isn't as ideal as we'd prefer, we're releasing a free 3D printable adapter. Check out some more information here:   https://t.co/64xutNqJZo",en,[],['https://www.reddit.com/r/Backbone/comments/pvhl98/backbone_one_iphone_13_pro_pro_max_adapter/?utm_source=share&utm_medium=web2x&context=3'],[],1,0,1,[],[],https://twitter.com/backbone/status/1442004284703313925,False,,0,,,,,,,,"[{'screen_name': '_RyanBritt', 'name': 'Ryan Britt', 'id': '343607644'}]",,,,
135,1442003984584097795,1441987191756967938,2021-09-26 01:51:55 Eastern Daylight Time,2021-09-26,01:51:55,-400,1304532979327344648,backbone,Backbone,,"@ronaldmblessed Hey! Since the experience of using an iPhone 13 Pro with Backbone One isn't as ideal as we'd prefer, we're releasing a free 3D printable adapter. Check out some more information here:   https://t.co/64xutNqJZo",en,[],['https://www.reddit.com/r/Backbone/comments/pvhl98/backbone_one_iphone_13_pro_pro_max_adapter/?utm_source=share&utm_medium=web2x&context=3'],[],0,0,0,[],[],https://twitter.com/backbone/status/1442003984584097795,False,,0,,,,,,,,"[{'screen_name': 'ronaldmblessed', 'name': 'Ronald Massenburg', 'id': '1317474162185744386'}]",,,,
137,1442000256074350596,1442000256074350596,2021-09-26 01:37:06 Eastern Daylight Time,2021-09-26,01:37:06,-400,135062529,geekyranjit,Ranjit,,"Moving my main sim to the dark size ‚ò∫Ô∏è Let's see how it goes with the iPhone 13 Pro.  I'll keep updating this thread based on usage and things I find useful easier on iPhone, and things I find difficult to use compared to android phones.  Let's see how long can I last.  https://t.co/xzxN9DEiDA",en,[],[],"['https://pbs.twimg.com/media/FAMDlZeVUAEHmoj.jpg', 'https://pbs.twimg.com/media/FAMDlxSVIAURWDS.jpg']",89,49,2174,[],[],https://twitter.com/geekyranjit/status/1442000256074350596,False,,1,https://pbs.twimg.com/media/FAMDlZeVUAEHmoj.jpg,,,,,,,[],,,,
138,1441999649057873920,1441037223982338051,2021-09-26 01:34:42 Eastern Daylight Time,2021-09-26,01:34:42,-400,106728983,r3dash,Ershad Kaleebullah,,"Alright, of all the games I tested, I can only confirm that Project RIP offers 120fps support currently on the iPhone 13 Pro/Pro Max. Other games will need devs to whitelist the new iPhone 13 Pros, I‚Äôm guessing. Let‚Äôs see how soon it happens.  https://t.co/gYgCzIuoD5",en,[],[],"['https://pbs.twimg.com/media/FAMDB3TUYAM2FpG.jpg', 'https://pbs.twimg.com/media/FAMDB3aVkAYZ8uC.jpg']",3,1,32,[],[],https://twitter.com/r3dash/status/1441999649057873920,False,,1,https://pbs.twimg.com/media/FAMDB3TUYAM2FpG.jpg,,,,,,,[],,,,
139,1441998466851360777,1441998466851360777,2021-09-26 01:30:00 Eastern Daylight Time,2021-09-26,01:30:00,-400,3305925577,httech,Hindustan Times Tech,,"Customers have started receiving their iPhone 13 series units, but many have reported bugs.   https://t.co/xACB3elYyO",en,[],['https://tech.hindustantimes.com/mobile/news/apple-iphone-13-users-are-being-hit-by-bugs-and-complaints-are-flying-71632594848453.html'],[],0,1,5,[],[],https://twitter.com/HTTech/status/1441998466851360777,False,,0,,,,,,,,[],,,,
140,1441997713428652033,1441997713428652033,2021-09-26 01:27:00 Eastern Daylight Time,2021-09-26,01:27:00,-400,318393568,mikebeas,Mike Beasley,,ok so it feels like maybe the beard grabbing thing got worse than ever with the iphone 13,en,[],[],[],0,0,1,[],[],https://twitter.com/MikeBeas/status/1441997713428652033,False,,0,,,,,,,,[],,,,
141,1441994649770479616,1441994649770479616,2021-09-26 01:14:50 Eastern Daylight Time,2021-09-26,01:14:50,-400,14507215,rajatagr,Rajat Agrawal,,"Those who bought the iPhone 13 from Apple India‚Äôs online store, did anyone face problems with trading in their old iPhone? I‚Äôm stuck between @BlueDart_ and @Apple thanks to some error in their diagnostics tool that won‚Äôt accept or reject my iPhone XS for trade-in.  https://t.co/UjxUNPoGNP",en,"[{'screen_name': 'bluedart_', 'name': 'blue dart official', 'id': '3724791493'}, {'screen_name': 'apple', 'name': 'apple', 'id': '380749300'}]",[],['https://pbs.twimg.com/media/FAL-fRcVgAMVQQO.jpg'],2,0,0,[],[],https://twitter.com/rajatagr/status/1441994649770479616,False,https://twitter.com/rajatagr/status/1441962063920730116,1,https://pbs.twimg.com/media/FAL-fRcVgAMVQQO.jpg,,,,,,,[],,,,
144,1441993334717882368,1441991646531358724,2021-09-26 01:09:36 Eastern Daylight Time,2021-09-26,01:09:36,-400,85741735,amazonhelp,Amazon Help,,"@abhishekjena84 As informed earlier, our app is compatible with iPhone and requires iOS 13.0 or later. Kindly update for the same. Appreciate your understanding.  -Nijo",en,[],[],[],1,0,0,[],[],https://twitter.com/AmazonHelp/status/1441993334717882368,False,,0,,,,,,,,"[{'screen_name': 'abhishekjena84', 'name': 'abhishek jena', 'id': '231631949'}]",,,,
145,1441992219196465156,1441991646531358724,2021-09-26 01:05:10 Eastern Daylight Time,2021-09-26,01:05:10,-400,85741735,amazonhelp,Amazon Help,,"@abhishekjena84 We get your query regarding our mobile application. Please be informed, our app is compatible with iPhone and requires iOS 13.0 or later. Kindly update for the same. Appreciate your understanding.  -Nijo",en,[],[],[],1,0,0,[],[],https://twitter.com/AmazonHelp/status/1441992219196465156,False,,0,,,,,,,,"[{'screen_name': 'abhishekjena84', 'name': 'abhishek jena', 'id': '231631949'}]",,,,
146,1441986045038391304,1440391657757691907,2021-09-26 00:40:38 Eastern Daylight Time,2021-09-26,00:40:38,-400,62601419,vzwsupport,Verizon Wireless CS,,"@Jacob_Pace2000 We have quite a few deals going on right now, and we'd be glad to go over them with you, Jacob. For the deals with the new iPhone 13 Pro, please see the page below.  https://t.co/BkiTvhUNhC *Zaak",en,[],['http://spr.ly/6013JBJ8h'],[],0,0,0,[],[],https://twitter.com/VZWSupport/status/1441986045038391304,False,,0,,,,,,,,"[{'screen_name': 'Jacob_Pace2000', 'name': 'Jacob Pace', 'id': '1349895011408740352'}]",,,,
147,1441985554803871753,1441981696362958854,2021-09-26 00:38:41 Eastern Daylight Time,2021-09-26,00:38:41,-400,73876813,sharafdg,Sharaf DG,,"@Razanikanth1 Hi, currently, the iPhone 13 series retailed directly by Sharaf DG is out of stock. The prices displayed on our website are Marketplace products sold by third-party vendors. Please stay tuned in to our Website for future stock updates on your requested product.",en,[],[],[],1,0,0,[],[],https://twitter.com/SharafDG/status/1441985554803871753,False,,0,,,,,,,,"[{'screen_name': 'Razanikanth1', 'name': 'Razanikanth', 'id': '1359369903380156420'}]",,,,
149,1441981967747014656,1441981967747014656,2021-09-26 00:24:26 Eastern Daylight Time,2021-09-26,00:24:26,-400,1619325942,mothershipsg,Mothership.sg,,Mob of shoppers in China throng store for iPhone 13 on day of its release  https://t.co/omCmIbIMdR  https://t.co/5rFsS6GCYj,en,[],['https://bit.ly/3lXR8uW'],['https://pbs.twimg.com/media/FALy6O-VUAYsEHm.jpg'],9,21,73,[],[],https://twitter.com/MothershipSG/status/1441981967747014656,False,,1,https://pbs.twimg.com/media/FALy6O-VUAYsEHm.jpg,,,,,,,[],,,,
150,1441980703428661256,1441980703428661256,2021-09-26 00:19:25 Eastern Daylight Time,2021-09-26,00:19:25,-400,315498416,macmixing,Dom Esposito,,Best iPhone 13 Pro Cases + Accessories!  https://t.co/QZLr8kAoyd  https://t.co/cScXheOrxm,en,[],['https://youtu.be/h5IU7_Qozb0'],['https://pbs.twimg.com/media/FALxcOHUUAIXs4o.jpg'],0,3,11,[],[],https://twitter.com/macmixing/status/1441980703428661256,False,,1,https://pbs.twimg.com/media/FALxcOHUUAIXs4o.jpg,,,,,,,[],,,,
151,1441979347196284932,1441539909186060292,2021-09-26 00:14:01 Eastern Daylight Time,2021-09-26,00:14:01,-400,185728888,tmobilehelp,T-Mobile Help,,@Mialana21 @Mike_Katz We've got an amazing new line up with our iPhone 13's just out and you can experience our UC network updates with blazing fast speeds. Send our team a DM if you'd love to go over our offers.  https://t.co/9pnHCa5Kks ^Erica Ramos,en,[],['https://t-mo.cc/q1ixvulnhp'],[],0,0,0,[],[],https://twitter.com/TMobileHelp/status/1441979347196284932,False,,0,,,,,,,,"[{'screen_name': 'Mialana21', 'name': 'Mia', 'id': '1273684179960467463'}, {'screen_name': 'Mike_Katz', 'name': 'Mike Katz', 'id': '1880757913'}]",,,,
152,1441979113405763587,1441979113405763587,2021-09-26 00:13:05 Eastern Daylight Time,2021-09-26,00:13:05,-400,835839927443062788,shokeensanchit,Sanchit Shokeen,,"#Apple iPhone 13 Pro Max after Skin!   Me &amp; my better half just discovered an amazing Skin shop! HIGHLY IMPRESSEDüî•  So, Guys try skins they are fun &amp; available for every smartphone!  https://t.co/rTaefVAC0w",en,[],[],"['https://pbs.twimg.com/media/FALwWymVgAI0nFk.jpg', 'https://pbs.twimg.com/media/FALwWyrVgAEYtUF.jpg']",35,28,677,['apple'],[],https://twitter.com/ShokeenSanchit/status/1441979113405763587,False,,1,https://pbs.twimg.com/media/FALwWymVgAI0nFk.jpg,,,,,,,[],,,,
154,1441975828305178630,1441975828305178630,2021-09-26 00:00:02 Eastern Daylight Time,2021-09-26,00:00:02,-400,18055351,snazzyq,Quinn Nelson,,WTF. Apple isn‚Äôt even hiding deliberate attempts at sabotaging 3rd party repair on iPhone 13‚Äîit‚Äôs somehow even worse than prior gens. Extremely frustrating and further proof the environment means nothing to them over their bottom line. #righttorepair  https://t.co/gHnwOFSVQs,en,[],['https://www.youtube.com/watch?v=LgU5G41-c2g'],[],42,117,1040,['righttorepair'],[],https://twitter.com/SnazzyQ/status/1441975828305178630,False,,0,,,,,,,,[],,,,
