id,conversation_id,created_at,date,time,timezone,user_id,username,name,place,tweet,language,mentions,urls,photos,replies_count,retweets_count,likes_count,hashtags,cashtags,link,retweet,quote_url,video,thumbnail,near,geo,source,user_rt_id,user_rt,retweet_id,reply_to,retweet_date,translate,trans_src,trans_dest
1442134182348554254,1442134182348554254,2021-09-26 10:29:17 Eastern Daylight Time,2021-09-26,10:29:17,-0400,487152175,macthainews,MacThai.Com,,à¸­à¸µà¸ 5 à¸§à¸±à¸™ !! à¸à¸±à¸šà¸à¸²à¸£à¹€à¸›à¸´à¸”à¸ˆà¸­à¸‡ Pre-Order iPhone 13 à¸§à¸±à¸™à¹à¸£à¸à¹ƒà¸™à¹„à¸—à¸¢ à¸à¸£à¹‰à¸­à¸¡à¸à¸±à¸™à¸—à¸¸à¸à¸„à¹ˆà¸²à¸¢ 1 à¸•.à¸„.à¸™à¸µà¹‰  ğŸ› à¸ªà¸±à¹ˆà¸‡à¸‹à¸·à¹‰à¸­ iPhone 13 à¸à¸±à¸š Apple Online Store iPhone 13 :  https://t.co/sYx7YwGk3G iPhone 13 Pro :  https://t.co/YXZEOgfWTE  #iPhone13TH  https://t.co/nE6AgJXLs6,und,[],"['https://bit.ly/iPhone13Thailand', 'https://bit.ly/iPhone13ProThailand']",['https://pbs.twimg.com/media/FAN9ZIvUcBEhtYi.jpg'],0,0,0,['iphone13th'],[],https://twitter.com/macthainews/status/1442134182348554254,False,,1,https://pbs.twimg.com/media/FAN9ZIvUcBEhtYi.jpg,,,,,,,[],,,,
1442133045096505361,1441037223982338051,2021-09-26 10:24:46 Eastern Daylight Time,2021-09-26,10:24:46,-0400,106728983,r3dash,Ershad Kaleebullah,,"Zomato spazzing at 60 frames per second on the iPhone 13 Pro Max. Cc @zomato   Also, testing Twitterâ€™s new video quality upgrade.  https://t.co/naHyKbUiDo",en,"[{'screen_name': 'zomato', 'name': 'zomato', 'id': '23283603'}]",[],[],1,1,4,[],[],https://twitter.com/r3dash/status/1442133045096505361,False,,1,https://pbs.twimg.com/ext_tw_video_thumb/1442132881363464213/pu/img/qxZk6y4R9DplygKV.jpg,,,,,,,[],,,,
1442132093962752001,1442132093962752001,2021-09-26 10:20:59 Eastern Daylight Time,2021-09-26,10:20:59,-0400,19662517,emkwan,EMKWAN,,iPhone 13 Unboxing ğŸ’™   Letâ€™s see if this video does well on twitter like it did on IG!  https://t.co/CsZlm6cZ6Q,en,[],[],[],0,2,10,[],[],https://twitter.com/emkwan/status/1442132093962752001,False,,1,https://pbs.twimg.com/ext_tw_video_thumb/1442131858435678214/pu/img/uH_HP68FFuFbZ0Gm.jpg,,,,,,,[],,,,
1442131912252747788,1442131912252747788,2021-09-26 10:20:16 Eastern Daylight Time,2021-09-26,10:20:16,-0400,20542450,appleinsider,AppleInsider,,"After a few days of silence, on Sunday Apple confirmed that the iPhone 13 ""unlock with Apple Watch"" feature will be fixed with a software patch.  #iPhone13 #applewatch  https://t.co/nMeieKTky3  https://t.co/ukUboKYE4Q",en,[],['https://appleinsider.com/articles/21/09/26/apple-will-fix-iphone-13-unlock-with-apple-watch-soon'],['https://pbs.twimg.com/media/FAN7VKpX0AEp-hQ.jpg'],0,3,19,"['iphone13', 'applewatch']",[],https://twitter.com/appleinsider/status/1442131912252747788,False,,1,https://pbs.twimg.com/media/FAN7VKpX0AEp-hQ.jpg,,,,,,,[],,,,
1442131798343966725,1442131798343966725,2021-09-26 10:19:48 Eastern Daylight Time,2021-09-26,10:19:48,-0400,346979802,csedio,A,,Quiero pillarme el iphone 13 pero esq no renta al tener el 12,es,[],[],[],1,0,1,[],[],https://twitter.com/csedio/status/1442131798343966725,False,,0,,,,,,,,[],,,,
1442131334693011456,1442131334693011456,2021-09-26 10:17:58 Eastern Daylight Time,2021-09-26,10:17:58,-0400,15944436,9to5mac,9to5Mac.com,,Apple promises fix for broken 'Unlock with Apple Watch' feature on iPhone 13  https://t.co/Ub0GXSnVmW by @joseadorno,en,"[{'screen_name': 'joseadorno', 'name': 'josÃ© adorno', 'id': '4927575377'}]",['https://9to5mac.com/2021/09/26/apple-promises-fix-for-broken-unlock-with-apple-watch-feature-on-iphone-13/'],[],0,5,43,[],[],https://twitter.com/9to5mac/status/1442131334693011456,False,,0,,,,,,,,[],,,,
1442130915057041411,1442130915057041411,2021-09-26 10:16:18 Eastern Daylight Time,2021-09-26,10:16:18,-0400,110156412,ru_lh,Ğ›Ğ°Ğ¹Ñ„Ñ…Ğ°ĞºĞµÑ€,,"Ğ“Ğ»Ğ°Ğ²Ğ½Ğ¾Ğµ Ğ¾ Ñ‚ĞµÑ…Ğ½Ğ¾Ğ»Ğ¾Ğ³Ğ¸ÑÑ… Ğ·Ğ° Ğ½ĞµĞ´ĞµĞ»Ñ: ÑÑ‚Ğ°Ñ€Ñ‚ iPhone 13, Ñ„Ğ¸Ğ½Ğ°Ğ»ÑŒĞ½Ğ°Ñ Ğ²ĞµÑ€ÑĞ¸Ñ Windows 11 Ğ¸ Ğ½Ğµ Ñ‚Ğ¾Ğ»ÑŒĞºĞ¾  https://t.co/QT76UNPStm",ru,[],['https://lifehacker.ru/5-glavnyx-novostej-109/?utm_source=twitter&utm_campaign=auto_tw&utm_medium=social'],[],0,0,0,[],[],https://twitter.com/ru_lh/status/1442130915057041411,False,,0,,,,,,,,[],,,,
1442130615617433600,1442130615617433600,2021-09-26 10:15:06 Eastern Daylight Time,2021-09-26,10:15:06,-0400,3819701,zdnet,ZDNet,,Step by step: Setting up a new iPhone 13   https://t.co/0FZEgU4uaR,en,[],['https://www.zdnet.com/pictures/step-by-step-setting-up-a-new-iphone-13/?ftag=COS-05-10aaa0g&taid=6150806ab22f05000156910d&utm_campaign=trueAnthem%3A+Trending+Content&utm_medium=trueAnthem&utm_source=twitter'],[],0,0,0,[],[],https://twitter.com/ZDNet/status/1442130615617433600,False,,0,,,,,,,,[],,,,
1442130311039623174,1442130311039623174,2021-09-26 10:13:54 Eastern Daylight Time,2021-09-26,10:13:54,-0400,14848686,utechcom,Ø§Ù„ØªÙ‚Ù†ÙŠØ© Ø¨Ù„Ø§ Ø­Ø¯ÙˆØ¯,,Ø¹Ù…Ù„ÙŠØ© ØªÙÙƒÙŠÙƒ Ù‡Ø§ØªÙ iPhone 13 Pro ØªØ¤ÙƒØ¯ Ø¹Ù„Ù‰ Ø¨Ø·Ø§Ø±ÙŠØ© Ø¨Ù‚Ø¯Ø±Ø© 3095 mAh   https://t.co/fOmxnIkwmW,ar,[],['https://www.unlimit-tech.com/2021/09/%d8%b9%d9%85%d9%84%d9%8a%d8%a9-%d8%aa%d9%81%d9%83%d9%8a%d9%83-%d9%87%d8%a7%d8%aa%d9%81-iphone-13-pro-%d8%aa%d8%a4%d9%83%d8%af-%d8%b9%d9%84%d9%89-%d8%a8%d8%b7%d8%a7%d8%b1%d9%8a%d8%a9-%d8%a8%d9%82%d8%af'],[],0,2,2,[],[],https://twitter.com/Utechcom/status/1442130311039623174,False,,0,,,,,,,,[],,,,
1442129848663633926,1442129848663633926,2021-09-26 10:12:04 Eastern Daylight Time,2021-09-26,10:12:04,-0400,313560885,phonebuff,PhoneBuff,,iPhone 13 Pro Max vs. Galaxy S21 Ultra Drop Test!  https://t.co/dzbIcF9w3o  https://t.co/AX4TU9Um8j,pl,[],['https://youtu.be/1PRb5KFKxI4'],['https://pbs.twimg.com/media/FAN5b9iVEAoubb1.jpg'],1,1,12,[],[],https://twitter.com/phonebuff/status/1442129848663633926,False,,1,https://pbs.twimg.com/media/FAN5b9iVEAoubb1.jpg,,,,,,,[],,,,
1442129727909765122,1442129727909765122,2021-09-26 10:11:35 Eastern Daylight Time,2021-09-26,10:11:35,-0400,122042593,tudocelular,TudoCelular,,iPhone 13 Pro: imagens do iFixit mostram componentes internos do celular  https://t.co/5HiM0y6lQn,pt,[],['https://ift.tt/3EVnPBV'],[],0,0,0,[],[],https://twitter.com/TudoCelular/status/1442129727909765122,False,,0,,,,,,,,[],,,,
1442128295676428298,1442128295676428298,2021-09-26 10:05:53 Eastern Daylight Time,2021-09-26,10:05:53,-0400,19662517,emkwan,EMKWAN,,When you match your gym t-shirt with your â€˜Sierra Blueâ€™ iPhone 13 Pro Max ğŸ˜‚  https://t.co/9ED2PIbqCj,en,[],[],[],2,1,13,[],[],https://twitter.com/emkwan/status/1442128295676428298,False,,1,https://pbs.twimg.com/ext_tw_video_thumb/1442128250377961482/pu/img/rt5Gn9sGahONg001.jpg,,,,,,,[],,,,
1442127810781343751,1441884324245217283,2021-09-26 10:03:58 Eastern Daylight Time,2021-09-26,10:03:58,-0400,1010181,dsilverman,Dwight Silverman,,@CubsWin1616 No. Late Night causes the issue.   Your EQ is set to off and CarPlay still crashes when you try to play a song? iPhone 13?,en,[],[],[],1,0,0,[],[],https://twitter.com/dsilverman/status/1442127810781343751,False,,0,,,,,,,,"[{'screen_name': 'CubsWin1616', 'name': 'Matthew Mike', 'id': '35736937'}]",,,,
1442127545378349059,1442127545378349059,2021-09-26 10:02:54 Eastern Daylight Time,2021-09-26,10:02:54,-0400,2785569453,megabayt_sm,MegaBayt,,iPad mini 6'dan sonra iPhone 13â€™te de problem! BirÃ§ok kullanÄ±cÄ± ÅŸikayetÃ§iğŸ“±  https://t.co/PVaEaSK48s,tr,[],['https://www.megabayt.com/telefon/iphone-13te-kamera-sorunu-fotograflarda-siyah-pikseller-cikiyor/'],[],0,0,0,[],[],https://twitter.com/MegaBayt_SM/status/1442127545378349059,False,,0,,,,,,,,[],,,,
1442127120638021635,1441986815179714560,2021-09-26 10:01:13 Eastern Daylight Time,2021-09-26,10:01:13,-0400,3309375033,applesupport,Apple Support,,"@avakian_aren Hi there, weâ€™re here to help. Weâ€™re aware of an issue where Unlock with Apple Watch may not work with iPhone 13 devices. This issue will be fixed in an upcoming software update. Hereâ€™s a resource:  https://t.co/MIg5wkrxT5",en,[],['https://s.apple.com/dH8h0o9d3A'],[],0,0,0,[],[],https://twitter.com/AppleSupport/status/1442127120638021635,False,,0,,,,,,,,"[{'screen_name': 'avakian_aren', 'name': 'Aren Avakian', 'id': '773236274102542336'}]",,,,
1442126969315934211,1442126969315934211,2021-09-26 10:00:37 Eastern Daylight Time,2021-09-26,10:00:37,-0400,14987180,rsgnl,Joe Rossignol,,"Apple has identified an issue where ""Unlock with Apple Watch"" may not work with iPhone 13 devices. Apple says this issue will be fixed in an upcoming software update. iOS 15.1 is in beta now, but I imagine we'll get a quicker iOS 15.0.1 bug fix update.",en,[],[],[],3,4,22,[],[],https://twitter.com/rsgnl/status/1442126969315934211,False,https://twitter.com/MacRumors/status/1442126287661789192,0,,,,,,,,[],,,,
1442126845139296270,1442126845139296270,2021-09-26 10:00:07 Eastern Daylight Time,2021-09-26,10:00:07,-0400,5459482,pocketlint,Pocket-lint,,Best Apple iPhone 13 cases: Top covers to protect your new smartphone  https://t.co/5HqigkA9rH @cambunton @apple  https://t.co/hwjKXuDW5a,en,"[{'screen_name': 'cambunton', 'name': 'cam bunton ğŸ´\U000e0067\U000e0062\U000e0077\U000e006c\U000e0073\U000e007f', 'id': '133715734'}, {'screen_name': 'apple', 'name': 'apple', 'id': '380749300'}]",['https://www.pocket-lint.com/phones/buyers-guides/apple/158395-best-apple-iphone-13-cases-pro-max-mini'],['https://pbs.twimg.com/media/FAN2uQ4VIAUuEb0.jpg'],0,0,0,[],[],https://twitter.com/Pocketlint/status/1442126845139296270,False,,1,https://pbs.twimg.com/media/FAN2uQ4VIAUuEb0.jpg,,,,,,,[],,,,
1442126819075891206,1442126819075891206,2021-09-26 10:00:01 Eastern Daylight Time,2021-09-26,10:00:01,-0400,575456157,swsgco,Ø§Ù„Ø´ØªØ§Ø¡ ÙˆØ§Ù„ØµÙŠÙ,,Ù…ØªÙˆÙØ± Ø§Ù„Ø¢Ù† iPhone 13 ğŸ“± ØªØµÙ…ÙŠÙ… ØªØªØ³Ø§ÙˆÙ‰ ÙÙŠÙ‡ Ø§Ù„Ø£Ù†Ø§Ù‚Ø© ÙˆØ§Ù„Ù…ØªØ§Ù†Ø© ğŸ˜ğŸ‘Œ  ØªØµÙØ­ ÙˆØ£Ø·Ù„Ø¨  https://t.co/DuGYnzYSCE  * ØªØ³ÙˆÙ‚ Ù…Ø²ÙŠØ¯ Ù…Ù† Ø§Ù„Ø¹Ø±ÙˆØ¶ Ø¨Ù…Ø¹Ø§Ø±Ø¶Ù†Ø§ ÙˆØ§Ù„Ù…ÙˆÙ‚Ø¹ Ø§Ù„Ø¥Ù„ÙƒØªØ±ÙˆÙ†ÙŠ #Ù‡ÙŠ_Ù„Ù†Ø§_Ø¯Ø§Ø± #Ø§Ù„ÙŠÙˆÙ…_Ø§Ù„ÙˆØ·Ù†ÙŠ_Ø§Ù„Ø³Ø¹ÙˆØ¯ÙŠ #Ø§Ù„ÙŠÙˆÙ…_Ø§Ù„ÙˆØ·Ù†ÙŠ_Ø§Ù„Ø³Ø¹ÙˆØ¯ÙŠ_91  https://t.co/Tur1M4CKcm,ar,[],['https://bit.ly/39EPsR6'],['https://pbs.twimg.com/media/FANsiAIWQAMLRH8.jpg'],0,1,1,"['Ù‡ÙŠ_Ù„Ù†Ø§_Ø¯Ø§Ø±', 'Ø§Ù„ÙŠÙˆÙ…_Ø§Ù„ÙˆØ·Ù†ÙŠ_Ø§Ù„Ø³Ø¹ÙˆØ¯ÙŠ', 'Ø§Ù„ÙŠÙˆÙ…_Ø§Ù„ÙˆØ·Ù†ÙŠ_Ø§Ù„Ø³Ø¹ÙˆØ¯ÙŠ_91']",[],https://twitter.com/SwsgCo/status/1442126819075891206,False,,1,https://pbs.twimg.com/media/FANsiAIWQAMLRH8.jpg,,,,,,,[],,,,
1442126758178787345,1442116205368594437,2021-09-26 09:59:47 Eastern Daylight Time,2021-09-26,09:59:47,-0400,1011160065066201089,krungsricard,KrungsriCard,,@machiitomo à¹€à¸£à¸µà¸¢à¸™à¸„à¸¸à¸“ ãƒˆãƒ¢ãƒƒãƒãƒ¼ â˜… à¹‚à¸—à¹‚à¸¡à¸à¸´ å½¡ à¸„à¸°  à¹€à¸ˆà¹‰à¸²à¸«à¸™à¹‰à¸²à¸—à¸µà¹ˆà¹à¸™à¸°à¸™à¸³à¸£à¸­à¸•à¸´à¸”à¸•à¸²à¸¡à¸à¸²à¸£à¸œà¹ˆà¸­à¸™ iPhone 13 à¸—à¸²à¸‡à¸šà¸£à¸´à¸©à¸±à¸—à¸ˆà¸°à¸¡à¸µà¹‚à¸›à¸£à¹‚à¸¡à¸Šà¸±à¹ˆà¸™à¸”à¸µà¹† à¸¡à¸²à¸™à¸³à¹€à¸ªà¸™à¸­à¹ƒà¸™à¸Šà¹ˆà¸§à¸‡à¸§à¸±à¸™à¸—à¸µà¹ˆ 1 à¸•à¸¸à¸¥à¸²à¸„à¸¡ 2564 à¸™à¸°à¸„à¸°  à¸ªà¸³à¸«à¸£à¸±à¸šà¸šà¸±à¸•à¸£à¹€à¸„à¸£à¸”à¸´à¸• à¹€à¸‹à¹‡à¸™à¸—à¸£à¸±à¸¥ à¹€à¸”à¸­à¸°à¸§à¸±à¸™ à¹à¸¥à¸° à¸šà¸±à¸•à¸£à¹€à¸„à¸£à¸”à¸´à¸• à¸à¸£à¸¸à¸‡à¸¨à¸£à¸µ à¹à¸à¸¥à¸—à¸´à¸™à¸±à¸¡à¸™à¸°à¸„à¸° ğŸ’“ğŸ˜˜  à¸‚à¸­à¸šà¸„à¸¸à¸“à¸„à¹ˆà¸° ğŸ™ğŸ˜,ja,[],[],[],0,0,1,[],[],https://twitter.com/KrungsriCard/status/1442126758178787345,False,,0,,,,,,,,"[{'screen_name': 'machiitomo', 'name': 'ãƒˆãƒ¢ãƒƒãƒãƒ¼ â˜… à¹‚à¸—à¹‚à¸¡à¸à¸´ å½¡', 'id': '3295129758'}]",,,,
1442126287661789192,1442126287661789192,2021-09-26 09:57:55 Eastern Daylight Time,2021-09-26,09:57:55,-0400,14861285,macrumors,MacRumors.com,,Apple to Fix Issue Preventing iPhone 13 Users From Unlocking With Apple Watch in Upcoming Software Update  https://t.co/LMXdsKqB5z by @rsgnl  https://t.co/qKAlPtXRBH,en,"[{'screen_name': 'rsgnl', 'name': 'joe rossignol', 'id': '14987180'}]",['https://www.macrumors.com/2021/09/26/apple-to-fix-iphone-13-unlock-with-apple-watch/'],['https://pbs.twimg.com/media/FAN2N2IVEAgmMXb.jpg'],12,25,178,[],[],https://twitter.com/MacRumors/status/1442126287661789192,False,,1,https://pbs.twimg.com/media/FAN2N2IVEAgmMXb.jpg,,,,,,,[],,,,
1442126162755469316,1442126162755469316,2021-09-26 09:57:25 Eastern Daylight Time,2021-09-26,09:57:25,-0400,1466940656,mediamarkt_tr,MediaMarkt TÃ¼rkiye,,iPhone 13 Pro MediaMarkt'ta ÅŸimdi Ã¶n satÄ±ÅŸta.  https://t.co/l8acW6gmVr  https://t.co/r352j60nvI,tr,[],['https://mmarkt.co/39GAqdA'],['https://pbs.twimg.com/media/FAN2GZqWUAU04Im.jpg'],0,0,1,[],[],https://twitter.com/mediamarkt_tr/status/1442126162755469316,False,,1,https://pbs.twimg.com/media/FAN2GZqWUAU04Im.jpg,,,,,,,[],,,,
1442125011918098441,1442125011918098441,2021-09-26 09:52:50 Eastern Daylight Time,2021-09-26,09:52:50,-0400,834400338312564736,halidecamera,Halide,,Beautiful! Spectre massively benefits from every camera improvement - you can even do macro long exposures on iPhone 13 Pro:,en,[],[],[],1,0,22,[],[],https://twitter.com/halidecamera/status/1442125011918098441,False,https://twitter.com/sethlazar/status/1442106185281204230,0,,,,,,,,[],,,,
1442123818655535111,1441981881654956033,2021-09-26 09:48:06 Eastern Daylight Time,2021-09-26,09:48:06,-0400,3309375033,applesupport,Apple Support,,"@penguinguy13 Thanks for reaching out to us! We know itâ€™s important to use your new iPhone 13 Pro with your Apple Watch. We have guidance about this here:  https://t.co/T1nHcGjqiU   If you have other questions, please DM us.  https://t.co/GDrqU22YpT",en,[],"['https://s.apple.com/dH5i4n7i0T', 'https://twitter.com/messages/compose?recipient_id=3309375033']",[],0,0,0,[],[],https://twitter.com/AppleSupport/status/1442123818655535111,False,,0,,,,,,,,"[{'screen_name': 'penguinguy13', 'name': 'Pengy  ğŸ§ğŸ§ğŸ§', 'id': '368057677'}]",,,,
1442122301307330566,1442122301307330566,2021-09-26 09:42:04 Eastern Daylight Time,2021-09-26,09:42:04,-0400,15944436,9to5mac,9to5Mac.com,,Face ID stops working if you replace the iPhone 13 screen with third-party repair [Video]  https://t.co/dLmX9ku5M2 by @joseadorno,en,"[{'screen_name': 'joseadorno', 'name': 'josÃ© adorno', 'id': '4927575377'}]",['https://9to5mac.com/2021/09/26/face-id-stops-working-if-you-replace-the-iphone-13-screen-with-third-party-repair-video/'],[],6,26,121,[],[],https://twitter.com/9to5mac/status/1442122301307330566,False,,0,,,,,,,,[],,,,
1442121394309906439,1442121394309906439,2021-09-26 09:38:28 Eastern Daylight Time,2021-09-26,09:38:28,-0400,28090436,supersaf,Safwan AhmedMia,,iPhone 13 Pro Max or Samsung Galaxy S21 Ultra? ğŸ‘€  https://t.co/HKddJBNOMA,in,[],[],[],40,28,347,[],[],https://twitter.com/SuperSaf/status/1442121394309906439,False,,1,https://pbs.twimg.com/ext_tw_video_thumb/1442120666413768713/pu/img/JepyfELQwxBX4H-j.jpg,,,,,,,[],,,,
1442120364432187392,1442120364432187392,2021-09-26 09:34:22 Eastern Daylight Time,2021-09-26,09:34:22,-0400,153042209,donanimhaber,DonanÄ±mHaber,,iPhone 13 ile Ã§ekilen fotoÄŸraflarda siyah pikseller gÃ¶rÃ¼lÃ¼yor  https://t.co/a9NfLKtYFx,tr,[],['https://www.donanimhaber.com/iphone-13-ile-cekilen-fotograflarda-siyah-pikseller-goruluyor--139500'],[],1,0,3,[],[],https://twitter.com/donanimhaber/status/1442120364432187392,False,,0,,,,,,,,[],,,,
1442118081501798400,1442118081501798400,2021-09-26 09:25:18 Eastern Daylight Time,2021-09-26,09:25:18,-0400,15707231,makemac,MakeMac,,"iPhone 13 Series, iPad Mini 6, dan iPad 9 Sudah Tersedia Secara Global   https://t.co/3qLCR2KojT",in,[],['https://makemac.grid.id/read/212909406/iphone-13-series-ipad-mini-6-dan-ipad-9-sudah-tersedia-secara-global'],[],1,5,7,[],[],https://twitter.com/makemac/status/1442118081501798400,False,,0,,,,,,,,[],,,,
1442116455928057856,1442115516303245322,2021-09-26 09:18:50 Eastern Daylight Time,2021-09-26,09:18:50,-0400,62601419,vzwsupport,Verizon Wireless CS,,"@kamron_walker The iPhone 13 is an awesome phone! We want you to be able to get your hands on it as soon as possible. We can't say what stores will have it available since this phone is flying off the shelves! However, when you order online, there may be an in-store pickup option.  -Alicia",en,[],[],[],0,0,0,[],[],https://twitter.com/VZWSupport/status/1442116455928057856,False,,0,,,,,,,,"[{'screen_name': 'kamron_walker', 'name': 'Kam', 'id': '386311463'}]",,,,
1442116308011679744,1442116308011679744,2021-09-26 09:18:15 Eastern Daylight Time,2021-09-26,09:18:15,-0400,17698709,superscientific,Danny Winget,,How Sneakerheads test the iPhone 13 Pro Macro Camera ğŸ¤£   https://t.co/mpJ1k46IwW  https://t.co/kTTRf8wmWg,en,[],['https://www.instagram.com/reel/CUST0lZA-bu/?utm_medium=copy_link'],['https://pbs.twimg.com/media/FANtI0cXMAA50o3.jpg'],2,2,41,[],[],https://twitter.com/superscientific/status/1442116308011679744,False,,1,https://pbs.twimg.com/media/FANtI0cXMAA50o3.jpg,,,,,,,[],,,,
1442115515313426435,1442115515313426435,2021-09-26 09:15:06 Eastern Daylight Time,2021-09-26,09:15:06,-0400,3819701,zdnet,ZDNet,,The iPhone 13 feels rough and unfinished   https://t.co/7jrRi51Acb,en,[],['https://www.zdnet.com/article/the-iphone-13-feels-rough-and-unfinished/?ftag=COS-05-10aaa0g&taid=6150725ab22f0500015690dd&utm_campaign=trueAnthem%3A+Trending+Content&utm_medium=trueAnthem&utm_source=twitter'],[],0,1,1,[],[],https://twitter.com/ZDNet/status/1442115515313426435,False,,0,,,,,,,,[],,,,
1442115426784145413,1442115426784145413,2021-09-26 09:14:45 Eastern Daylight Time,2021-09-26,09:14:45,-0400,1022439638,acetrainerliam,Ace Trainer Liam,,21-day delay on my iPhone 13 Pro Max ğŸ˜­ğŸ˜­ğŸ˜­,en,[],[],[],0,0,11,[],[],https://twitter.com/AceTrainerLiam/status/1442115426784145413,False,,0,,,,,,,,[],,,,
1442115112123310083,1442115112123310083,2021-09-26 09:13:30 Eastern Daylight Time,2021-09-26,09:13:30,-0400,112066623,thejbeck,Jimmy Beck,,Need a Facebook business suite update to rollout as the cancel &amp; done buttons are on top of the battery / Wi-Fi etc. on the iPhone 13 Pro.  https://t.co/6w1gdl90ij,en,[],[],['https://pbs.twimg.com/media/FANsDSNXoAA5P7j.jpg'],0,0,0,[],[],https://twitter.com/theJBECK/status/1442115112123310083,False,,1,https://pbs.twimg.com/media/FANsDSNXoAA5P7j.jpg,,,,,,,[],,,,
1442114584647700485,1441450824023093250,2021-09-26 09:11:24 Eastern Daylight Time,2021-09-26,09:11:24,-0400,20678384,vodafoneuk,Vodafone UK,,"@stiff_annie Hi Steph, sosorry, some customers who pre-ordered an iPhone 13 will receive their phone later than expected due to a delay in receiving the supply. We're working closely with Apple to get the order to you as soon as possible and DPD will notify you as soon as it's on the way. Kie",en,[],[],[],1,0,0,[],[],https://twitter.com/VodafoneUK/status/1442114584647700485,False,,0,,,,,,,,"[{'screen_name': 'stiff_annie', 'name': 'Steph', 'id': '1441449503987490817'}]",,,,
1442114583095746566,1441991646531358724,2021-09-26 09:11:24 Eastern Daylight Time,2021-09-26,09:11:24,-0400,85741735,amazonhelp,Amazon Help,,"@abhishekjena84 We get your disappointment. As informed, our app is compatible with iPhone and requires iOS 13.0 or later. Kindly update for the same. Appreciate your understanding.  - Sriram",en,[],[],[],0,0,0,[],[],https://twitter.com/AmazonHelp/status/1442114583095746566,False,,0,,,,,,,,"[{'screen_name': 'abhishekjena84', 'name': 'abhishek jena', 'id': '231631949'}]",,,,
1442114237065674762,1442114237065674762,2021-09-26 09:10:01 Eastern Daylight Time,2021-09-26,09:10:01,-0400,45517564,weeklyascii,é€±åˆŠã‚¢ã‚¹ã‚­ãƒ¼,,iPhone 13ã‚·ãƒªãƒ¼ã‚ºå¯¾å¿œï¼ ã‚±ãƒ–ãƒ©ãƒ¼è£½ã®è¶…è»½é‡ãƒ»è–„å‹ã‚±ãƒ¼ã‚¹ã€ŒDUROã€  https://t.co/zLtBZan8SS,ja,[],['https://weekly.ascii.jp/elem/000/004/070/4070001/'],[],0,3,6,[],[],https://twitter.com/weeklyascii/status/1442114237065674762,False,,0,,,,,,,,[],,,,
1442114236113559556,1442114236113559556,2021-09-26 09:10:01 Eastern Daylight Time,2021-09-26,09:10:01,-0400,320548088,asciijpeditors,ASCII.jp,,iPhone 13ã‚·ãƒªãƒ¼ã‚ºå¯¾å¿œï¼ ã‚±ãƒ–ãƒ©ãƒ¼è£½ã®è¶…è»½é‡ãƒ»è–„å‹ã‚±ãƒ¼ã‚¹ã€ŒDUROã€  https://t.co/iYqpyv5zYj,ja,[],['https://ascii.jp/elem/000/004/070/4070001/'],[],0,1,6,[],[],https://twitter.com/asciijpeditors/status/1442114236113559556,False,,0,,,,,,,,[],,,,
1442114012913836036,1441405646243565570,2021-09-26 09:09:08 Eastern Daylight Time,2021-09-26,09:09:08,-0400,62601419,vzwsupport,Verizon Wireless CS,,"@dksart 1/2 Thank you for clarifying. Getting a free phone is fantastic. Please ensure that you're  reviewing information about a free phone promotional offer, in its entirety to view eligibility requirements. Check out our website about the iPhone 13 at  https://t.co/vQDZiVv8nW. ğŸ‘ ğŸ“±",en,[],['http://spr.ly/6011JBRnH'],[],0,0,0,[],[],https://twitter.com/VZWSupport/status/1442114012913836036,False,,0,,,,,,,,"[{'screen_name': 'dksart', 'name': 'Debbie Ebbiebobebbie ~ she/them still @ğŸ¡ğŸ˜·ğŸ‘©ğŸ¼\u200dğŸ¦½', 'id': '44972189'}]",,,,
1442111715655634957,1442111715655634957,2021-09-26 09:00:00 Eastern Daylight Time,2021-09-26,09:00:00,-0400,9396072,wired_jp,WIRED.jp,,ã‚¢ãƒƒãƒ—ãƒ«ãŒç™ºè¡¨ã—ãŸã€ŒiPhone 13ã€ã‚·ãƒªãƒ¼ã‚ºã€‚ã“ã®ãƒ¢ãƒ‡ãƒ«ã¯æ˜¨å¹´ã®ãƒ¢ãƒ‡ãƒ«ã¨ã‚ã¾ã‚Šå¤‰ã‚ã‚‰ãªã„ãŒã€ã‚ˆã‚Šæ´—ç·´ã•ã‚ŒãŸè£½å“ã«ãªã£ãŸã€‚  https://t.co/rFwfLZiagh,ja,[],['https://bit.ly/3CrQfBx'],[],0,0,1,[],[],https://twitter.com/wired_jp/status/1442111715655634957,False,,0,,,,,,,,[],,,,
1442110893999804422,1442110893999804422,2021-09-26 08:56:44 Eastern Daylight Time,2021-09-26,08:56:44,-0400,111241185,a_y_a_k_0,Ayako SAKURAI,,ãã‚‡ã†ã¯Appleã®ä¿®ç†ã‚«ã‚¦ãƒ³ã‚¿ãƒ¼è¡Œã£ã¦æ¯ã¨è‡ªåˆ†ã®iPhone(13ã§ã¯ãªã„)è²·ã£ã¦2ã¤è¨­å®šã—ãŸã‚Šæ¯ã®ã‚­ãƒ£ãƒªã‚¢ã®ãƒ—ãƒ©ãƒ³å¤‰æ›´ã—ã¦ãŸã‚Šã§1æ—¥ãŒçµ‚ã‚ã£ãŸâ€¦,ja,[],[],[],0,0,3,[],[],https://twitter.com/A_y_a_k_0/status/1442110893999804422,False,,0,,,,,,,,[],,,,
1442110161531854848,1442110161531854848,2021-09-26 08:53:50 Eastern Daylight Time,2021-09-26,08:53:50,-0400,611823,macworld,Macworld,,The iPhone 13 and iPad mini are plenty fast. But the benchmarks don't tell the whole story of how powerful the A15 really is.  https://t.co/Hi2zVaoecI,en,[],['https://www.macworld.com/article/358585/a15-processor-iphone-13-ipad-mini-benchmarks.html'],[],0,0,8,[],[],https://twitter.com/macworld/status/1442110161531854848,False,,0,,,,,,,,[],,,,
1442109519098646533,1442109519098646533,2021-09-26 08:51:17 Eastern Daylight Time,2021-09-26,08:51:17,-0400,4767528991,telanganatoday,Telangana Today,,How long an average Indian would have to work to afford an iPhone 13?  #iPhone13 #Apple   https://t.co/uIJb9oMPlV,en,[],['https://telanganatoday.com/how-long-an-average-indian-would-have-to-work-to-afford-iphone-13'],[],0,1,2,"['iphone13', 'apple']",[],https://twitter.com/TelanganaToday/status/1442109519098646533,False,,0,,,,,,,,[],,,,
1442107686611529728,1442107686611529728,2021-09-26 08:44:00 Eastern Daylight Time,2021-09-26,08:44:00,-0400,29177735,ktuin,K-tuin,,Â¿QuÃ© color te ha llamado mÃ¡s la atenciÃ³n de los nuevos modelos iPhone 13 y iPhone 13 Pro?â¤ï¸ Â¡Mira todos los colores que tenemos disponibles!â¡ï¸  https://t.co/pU3b7UcBI3   Te contamos quÃ© cambia entre ambos modelos aquÃ­ğŸ‘‰ğŸ¼  https://t.co/HTlUeIFmea  https://t.co/AgZCeoWQay,es,[],"['https://www.k-tuin.com/comprar-un-iphone', 'https://bit.ly/3EKhkSp']",[],0,0,1,[],[],https://twitter.com/Ktuin/status/1442107686611529728,False,,1,https://pbs.twimg.com/ext_tw_video_thumb/1441389234133233672/pu/img/NKFcwz0EAVAmmDI-.jpg,,,,,,,[],,,,
1442107163288211461,1442107163288211461,2021-09-26 08:41:55 Eastern Daylight Time,2021-09-26,08:41:55,-0400,284168384,wylsacom,Wylsacom,,ĞĞµ Ğ±ĞµÑ€Ğ¸Ñ‚Ğµ iPhone 13.,und,[],[],[],84,20,322,[],[],https://twitter.com/wylsacom/status/1442107163288211461,False,,0,,,,,,,,[],,,,
1442105869450289153,1442105869450289153,2021-09-26 08:36:46 Eastern Daylight Time,2021-09-26,08:36:46,-0400,19569136,caa_official,Calling All Astronauts,,"Getting an iPhone 13 Pro, I hope the battery lasts longer than my 8 Plus",en,[],[],[],3,2,11,[],[],https://twitter.com/CAA_Official/status/1442105869450289153,False,,0,,,,,,,,[],,,,
1442105714877485064,1442105714877485064,2021-09-26 08:36:10 Eastern Daylight Time,2021-09-26,08:36:10,-0400,8216772,denverpost,The Denver Post,,Apple iPhone 13 review: The most incremental upgrade ever (via @nytimes)  https://t.co/NS4rxhfkUN,en,"[{'screen_name': 'nytimes', 'name': 'the new york times', 'id': '807095'}]",['https://dpo.st/2ZvFMGW'],[],0,0,1,[],[],https://twitter.com/denverpost/status/1442105714877485064,False,,0,,,,,,,,[],,,,
1442105659474935815,1442105659474935815,2021-09-26 08:35:56 Eastern Daylight Time,2021-09-26,08:35:56,-0400,3992637442,technicalguruji,Gaurav Chaudhary,,"#248 Sunday Tech Masala - iPhone 13 Giveaway, IPL Vlog, 30K Phones...#BoloGurujiğŸ”¥ğŸ”¥ğŸ”¥  https://t.co/hc5RGY34DB via @YouTubeIndia",en,"[{'screen_name': 'youtubeindia', 'name': 'youtube india', 'id': '180380465'}]",['https://youtu.be/xeYkLakwgmY'],[],99,69,891,['bologuruji'],[],https://twitter.com/TechnicalGuruji/status/1442105659474935815,False,,0,,,,,,,,[],,,,
1442105385289089031,1442105385289089031,2021-09-26 08:34:51 Eastern Daylight Time,2021-09-26,08:34:51,-0400,15237868,janrezab,Jan Rezab,,"iPhone 13 Pro experiences 48 hours later: #1 Camera is truly great. Especially for previously iPhone 11 users. Not sure about iPhone 12 (didnt have it) #2 The screen is the BIGGEST highlight - its insane. The refresh rate makes everything so smooth, its sad to see older phones ..",en,[],[],[],1,0,4,[],[],https://twitter.com/janrezab/status/1442105385289089031,False,,0,,,,,,,,[],,,,
1442104166206230532,1442104166206230532,2021-09-26 08:30:00 Eastern Daylight Time,2021-09-26,08:30:00,-0400,61307129,bolsamania,BolsamanÃ­a,,"ğŸ“² El iPhone 13 ya estÃ¡ disponible en tiendas y en EspaÃ±a lo puedes comprar desde 909 hasta 1.159 â‚¬, dependiendo del modelo. Pero, Â¿CuÃ¡nto cuestan en otros paÃ­ses? Â¿Hay mucha diferencia? Spolier: los brasileÃ±os te dirÃ¡n que sÃ­ ğŸ‘‰ https://t.co/HU49iAVlJa  https://t.co/ca1pwflBKk",es,[],['https://bit.ly/3kAxxBw'],[],0,0,1,[],[],https://twitter.com/bolsamania/status/1442104166206230532,False,,1,https://pbs.twimg.com/media/FAECD6DVEAo3uEB.jpg,,,,,,,[],,,,
1442098012449173509,1442098012449173509,2021-09-26 08:05:33 Eastern Daylight Time,2021-09-26,08:05:33,-0400,6681412,fredzone,Fredzone,,Prise en main des iPhone 13 et iPhone 13 Pro  https://t.co/91bhieEtNz  https://t.co/PnkESEaKiO,fr,[],['https://www.fredzone.org/prise-en-main-des-iphone-13-et-iphone-13-pro-9658?utm_source=dlvr.it&utm_medium=twitter#utm_source=feed&utm_medium=feed&utm_campaign=feed'],['https://pbs.twimg.com/media/FANcgAqVQAIWoTa.jpg'],0,0,1,[],[],https://twitter.com/Fredzone/status/1442098012449173509,False,,1,https://pbs.twimg.com/media/FANcgAqVQAIWoTa.jpg,,,,,,,[],,,,
1442097546411667467,1442097067766149121,2021-09-26 08:03:42 Eastern Daylight Time,2021-09-26,08:03:42,-0400,481600084,bencsin,ben,,"Cinematic mode, iPhone 13.  https://t.co/834Sf7gjnH",in,[],[],[],0,1,18,[],[],https://twitter.com/bencsin/status/1442097546411667467,False,,1,https://pbs.twimg.com/ext_tw_video_thumb/1442097432762851342/pu/img/kJoxtkNSwyWt9Tvy.jpg,,,,,,,[],,,,
1442097172950835200,1442097172950835200,2021-09-26 08:02:13 Eastern Daylight Time,2021-09-26,08:02:13,-0400,16452299,pocketnow,Pocketnow,,Third-party apps wonâ€™t be able to take advantage of iPhone 13 Proâ€™s 120Hz ProMotion display by default  https://t.co/WjLPlVX0xX,en,[],['https://pocketnow.com/iphone-13-pro-120hz-limited-third-party-apps-imited-to-60hz'],[],1,4,19,[],[],https://twitter.com/Pocketnow/status/1442097172950835200,False,,0,,,,,,,,[],,,,
1442097067766149121,1442097067766149121,2021-09-26 08:01:48 Eastern Daylight Time,2021-09-26,08:01:48,-0400,481600084,bencsin,ben,,iPhone 13 Pro Max on a DJI OM5. So smooth.  https://t.co/eCLlu5IlZT,en,[],[],[],1,4,37,[],[],https://twitter.com/bencsin/status/1442097067766149121,False,,1,https://pbs.twimg.com/ext_tw_video_thumb/1442096883627790340/pu/img/qPQjrfBY2bYQRfJ5.jpg,,,,,,,[],,,,
1442096868503212037,1442096868503212037,2021-09-26 08:01:00 Eastern Daylight Time,2021-09-26,08:01:00,-0400,16887507,androidcentral,Android Central,,"Instead of the iPhone 13 or Galaxy Fold 3, you could buy up to 100 cheese pizzas, 5 budget phones, 7 years of Netflix, and a whole lot more, says Android Central's Shruti Shekar. Read more here!  https://t.co/2hF0bg11qo",en,[],['https://www.androidcentral.com/samsung-fold-apple-iphone?utm_source=ac_tw&utm_medium=tw_card&utm_content=104209&utm_campaign=social'],[],4,8,61,[],[],https://twitter.com/androidcentral/status/1442096868503212037,False,,0,,,,,,,,[],,,,
1442096701745942529,1442096701745942529,2021-09-26 08:00:21 Eastern Daylight Time,2021-09-26,08:00:21,-0400,3819701,zdnet,ZDNet,,New iPhone 13? Don't forget to update!   https://t.co/LMTttmt8at,en,[],['https://www.zdnet.com/article/new-iphone-13-dont-forget-to-update/?ftag=COS-05-10aaa0g&taid=615060d5b22f0500015690a6&utm_campaign=trueAnthem%3A+Trending+Content&utm_medium=trueAnthem&utm_source=twitter'],[],0,0,1,[],[],https://twitter.com/ZDNet/status/1442096701745942529,False,,0,,,,,,,,[],,,,
1442096307884249092,1442096307884249092,2021-09-26 07:58:47 Eastern Daylight Time,2021-09-26,07:58:47,-0400,34294667,rtlfrance,RTL France,,On a testÃ© les nouveaux iPhone 13 : faut-il passer Ã  la nouvelle gÃ©nÃ©ration ?  https://t.co/3yMOeEZz6K,fr,[],['https://bit.ly/3lXwwml'],[],0,2,5,[],[],https://twitter.com/RTLFrance/status/1442096307884249092,False,,0,,,,,,,,[],,,,
1442095049450278912,1442095049450278912,2021-09-26 07:53:47 Eastern Daylight Time,2021-09-26,07:53:47,-0400,17064400,tomsguide,Tom's Guide,,You don't have to use your new iPhone 13 Pro to take hundreds of puppy photosâ€¦ but we'll totally understand if you do  https://t.co/xMeTIJemVS,en,[],['https://trib.al/5Y6psLA'],[],0,0,0,[],[],https://twitter.com/tomsguide/status/1442095049450278912,False,,0,,,,,,,,[],,,,
1442094149252100098,1442094149252100098,2021-09-26 07:50:12 Eastern Daylight Time,2021-09-26,07:50:12,-0400,84840297,forbesrussia,ForbesRussia,,"Ğ“Ğ»Ğ°Ğ²Ğ½Ğ¾Ğµ Ğ¾Ñ‚Ğ»Ğ¸Ñ‡Ğ¸Ğµ Ğ½Ğ¾Ğ²Ğ¾Ğ³Ğ¾ iPhone 13, ĞºĞ¾Ñ‚Ğ¾Ñ€Ğ¾Ğµ Ğ²Ğ¸Ğ´Ğ½Ğ¾ Ğ½ĞµĞ²Ğ¾Ğ¾Ñ€ÑƒĞ¶ĞµĞ½Ğ½Ñ‹Ğ¼ Ğ³Ğ»Ğ°Ğ·Ğ¾Ğ¼, â€” Ğ´Ğ²Ğµ Ğ·Ğ°Ğ´Ğ½Ğ¸Ğµ ĞºĞ°Ğ¼ĞµÑ€Ñ‹ Ñ‚ĞµĞ¿ĞµÑ€ÑŒ Ñ€Ğ°ÑĞ¿Ğ¾Ğ»Ğ¾Ğ¶ĞµĞ½Ñ‹ Ğ¿Ğ¾ Ğ´Ğ¸Ğ°Ğ³Ğ¾Ğ½Ğ°Ğ»Ğ¸. Forbes Life Ğ¾Ğ±ÑŠÑÑĞ½ÑĞµÑ‚, Ğ·Ğ°Ñ‡ĞµĞ¼ Ğ¸Ğ·Ğ¼ĞµĞ½Ğ¸Ğ»Ğ¸ Ğ´Ğ¸Ğ·Ğ°Ğ¹Ğ½ Ğ¸ ĞºĞ°ĞºĞ¸Ğµ ĞµÑ‰Ğµ Ğ¾Ğ±Ğ½Ğ¾Ğ²Ğ»ĞµĞ½Ğ¸Ñ Ğ¿Ğ¾Ğ»ÑƒÑ‡Ğ¸Ğ» ÑĞ¼Ğ°Ñ€Ñ‚Ñ„Ğ¾Ğ½:  https://t.co/V9rqHtekp0  https://t.co/ouNRpR3Do1",ru,[],['http://amp.gs/jzVLe'],['https://pbs.twimg.com/media/FANY_HAVgAUu8uW.jpg'],2,0,3,[],[],https://twitter.com/ForbesRussia/status/1442094149252100098,False,,1,https://pbs.twimg.com/media/FANY_HAVgAUu8uW.jpg,,,,,,,[],,,,
1442092482788003840,1442092482788003840,2021-09-26 07:43:35 Eastern Daylight Time,2021-09-26,07:43:35,-0400,482605939,onelinders,Peter Linder #Grok5G,,#5G on the iPhone 13 Has an Eye on the Future  https://t.co/f0jedOc2H0 #PCMag,en,[],['https://www.pcmag.com/news/5g-on-the-iphone-13-has-an-eye-on-the-future'],[],0,0,0,"['5g', 'pcmag']",[],https://twitter.com/OneLinders/status/1442092482788003840,False,,0,,,,,,,,[],,,,
1442090178831605761,1442090178831605761,2021-09-26 07:34:26 Eastern Daylight Time,2021-09-26,07:34:26,-0400,67255743,tamindir,Tamindir.com,,BazÄ± iPhone 13 Modellerinde Apple Watch ile iPhone Kilidi AÃ§Ä±lmÄ±yor  https://t.co/3JE4lFJh61  https://t.co/iZRz3NhKCX,tr,[],['http://ow.ly/SWaJ102YkbM'],['https://pbs.twimg.com/media/FANVYCLXMAE_a7t.jpg'],0,0,0,[],[],https://twitter.com/Tamindir/status/1442090178831605761,False,,1,https://pbs.twimg.com/media/FANVYCLXMAE_a7t.jpg,,,,,,,[],,,,
1442089095036121091,1442089095036121091,2021-09-26 07:30:07 Eastern Daylight Time,2021-09-26,07:30:07,-0400,600350949,alabdullatif,Ù…ÙØ±ÙˆØ´Ø§Øª Ø§Ù„Ø¹Ø¨Ø¯Ø§Ù„Ù„Ø·ÙŠÙ,,#ØªØ®ÙÙŠØ¶Ø§Øª_Ù…ÙØ±ÙˆØ´Ø§Øª_Ø§Ù„Ø¹Ø¨Ø¯Ø§Ù„Ù„Ø·ÙŠÙ   ğŸ‘ğŸ¼ Ù†Ø¨Ø§Ø±Ùƒ Ù„Ù„ÙØ§Ø¦Ø² Ø§Ù„Ø£ÙˆÙ„ : @ioo_22_  Ø¨Ø§Ù„Ø¬Ø§Ø¦Ø²Ø© Ø§Ù„Ø£ÙˆÙ„Ù‰ iPhone 13 Pro ğŸ“±  ØªØ±Ù‚Ø¨ÙˆØ§ Ø§Ù„Ù„ÙŠÙ„Ø© Ø§Ù†Ø·Ù„Ø§Ù‚ Ø§Ù„Ù…Ø³Ø§Ø¨Ù‚Ø© Ø§Ù„Ø«Ø§Ù†ÙŠØ©  #Ø§Ù„ÙŠÙˆÙ…_Ø§Ù„ÙˆØ·Ù†ÙŠ_Ø§Ù„Ø³Ø¹ÙˆØ¯ÙŠ  https://t.co/EeEgXGMgNh,ar,"[{'screen_name': 'ioo_22_', 'name': 'Ù…Ø°Ù‡Ù„Ù‡ğŸŒœğŸŒœ', 'id': '1162881619612655618'}]",[],[],205,210,159,"['ØªØ®ÙÙŠØ¶Ø§Øª_Ù…ÙØ±ÙˆØ´Ø§Øª_Ø§Ù„Ø¹Ø¨Ø¯Ø§Ù„Ù„Ø·ÙŠÙ', 'Ø§Ù„ÙŠÙˆÙ…_Ø§Ù„ÙˆØ·Ù†ÙŠ_Ø§Ù„Ø³Ø¹ÙˆØ¯ÙŠ']",[],https://twitter.com/ALABDULLATIF/status/1442089095036121091,False,https://twitter.com/alabdullatif/status/1441102995849048077,1,https://pbs.twimg.com/ext_tw_video_thumb/1442089017881686018/pu/img/WR7MX7UmMF4IS3DC.jpg,,,,,,,[],,,,
1442089072697098246,1442089072697098246,2021-09-26 07:30:02 Eastern Daylight Time,2021-09-26,07:30:02,-0400,15383958,redmondpie,Redmond Pie,,"Battery Life Drain Test Compares iPhone 13 Pro Max / Pro / 13 / mini With iPhone 12, 11, SE:  https://t.co/08K6wEGyhj  https://t.co/lED313sh3y",en,[],['https://buff.ly/2Wi8sly'],['https://pbs.twimg.com/media/FANUXlhX0AQplan.jpg'],0,1,2,[],[],https://twitter.com/RedmondPie/status/1442089072697098246,False,,1,https://pbs.twimg.com/media/FANUXlhX0AQplan.jpg,,,,,,,[],,,,
1442088880606355459,1442088880606355459,2021-09-26 07:29:16 Eastern Daylight Time,2021-09-26,07:29:16,-0400,14885549,forbestech,Forbes Tech,,"Apple iPhone 13 Pro Max Review: Familiar Looks, Cool Innovations  https://t.co/LQe5862A1J  https://t.co/stWjfz6fmA",en,[],['https://www.forbes.com/sites/davidphelan/2021/09/26/apple-iphone-13-pro-max-review-familiar-looks-cool-innovations/?utm_campaign=forbes&utm_source=twitter&utm_medium=social&utm_term=Carrie'],['https://pbs.twimg.com/media/FANUMe_VEAAbKbn.jpg'],1,3,17,[],[],https://twitter.com/ForbesTech/status/1442088880606355459,False,,1,https://pbs.twimg.com/media/FANUMe_VEAAbKbn.jpg,,,,,,,[],,,,
1442088279088635908,1442088279088635908,2021-09-26 07:26:53 Eastern Daylight Time,2021-09-26,07:26:53,-0400,820673148295192577,every_daydad,Gary,,"Today Iâ€™ve got a fully charged iPhone 13 Pro max, a spring in my step, and a support belt on (this thing is heavy).  I donâ€™t imagine any issues, but letâ€™s see how this handles a normal day of use.  https://t.co/7TiLUyqIBf",en,[],[],['https://pbs.twimg.com/media/FANTpWPXoAIpBFy.jpg'],14,0,134,[],[],https://twitter.com/every_daydad/status/1442088279088635908,False,,1,https://pbs.twimg.com/media/FANTpWPXoAIpBFy.jpg,,,,,,,[],,,,
1442086556127297540,1442086556127297540,2021-09-26 07:20:02 Eastern Daylight Time,2021-09-26,07:20:02,-0400,74501380,kompastekno,KompasTekno,,"Acara iPhone 13 Ini Ternyata Palsu, Penipunya Raup Bitcoin Rp 985 Juta  https://t.co/9Xy5zS4fuY",in,[],['http://tekno.kompas.com/read/2021/09/26/18140007/acara-iphone-13-ini-ternyata-palsu-penipunya-raup-b'],[],0,0,0,[],[],https://twitter.com/KompasTekno/status/1442086556127297540,False,,0,,,,,,,,[],,,,
1442086547365367809,1442086547365367809,2021-09-26 07:20:00 Eastern Daylight Time,2021-09-26,07:20:00,-0400,40813384,tw_nextmedia,è˜‹æœæ–°èç¶² Taiwan News,,iPhone 13æ›´æ–°å‡ç´šå‚³ç½æƒ…ï¼é€£çµApple watchå‡ºç¾bugç„¡æ³•è§£é– #è˜‹æœè²¡ç¶“ #iPhone13 #iPhone #Applewatch #bug #Apple #è˜‹æœæ–°èç¶² #å°ç£ #appledailytw #appledaily #è˜‹æœç¨å®¶ â†’â†’ https://t.co/k3Uhu0wxeJ  https://t.co/f6j17gxG0T,zh,[],['https://bit.ly/3m4ByOd'],['https://pbs.twimg.com/media/FANQ79RVIAAJvaH.jpg'],0,1,6,"['è˜‹æœè²¡ç¶“', 'iphone13', 'iphone', 'applewatch', 'bug', 'apple', 'è˜‹æœæ–°èç¶²', 'å°ç£', 'appledailytw', 'appledaily', 'è˜‹æœç¨å®¶']",[],https://twitter.com/TW_nextmedia/status/1442086547365367809,False,,1,https://pbs.twimg.com/media/FANQ79RVIAAJvaH.jpg,,,,,,,[],,,,
1442086531737522177,1441360475057389577,2021-09-26 07:19:56 Eastern Daylight Time,2021-09-26,07:19:56,-0400,7117212,ee,EE,,"@ItsJamesPowers Hiya James, Thank you for your response.  i am really sorry  about the delay in the iPhone delivery. This is due to a technical error following high demand for the new iPhone 13. all up to date info can be found on   https://t.co/r9oByBEslP Thanks -Ashley",en,[],['https://community.ee.co.uk/t5/Apple/iPhone-13-delivery-queries/td-p/1081770'],[],0,0,0,[],[],https://twitter.com/EE/status/1442086531737522177,False,,0,,,,,,,,"[{'screen_name': 'ItsJamesPowers', 'name': 'James Powers ğŸ´\U000e0067\U000e0062\U000e0065\U000e006e\U000e0067\U000e007f', 'id': '578847558'}]",,,,
1442083848238649346,1442083848238649346,2021-09-26 07:09:16 Eastern Daylight Time,2021-09-26,07:09:16,-0400,16061248,ispazio,iSpazio,,Drop Test e durabilitÃ  dei nuovi iPhone 13 e 13 Pro [Video]  https://t.co/NsZAxBcqPr  https://t.co/F7c4i1UBt6,it,[],['https://ift.tt/3iaCUWl'],['https://pbs.twimg.com/media/FANPnkFXoAg0B7v.jpg'],0,0,2,[],[],https://twitter.com/ispazio/status/1442083848238649346,False,,1,https://pbs.twimg.com/media/FANPnkFXoAg0B7v.jpg,,,,,,,[],,,,
1442083269445623810,1441874749450330124,2021-09-26 07:06:58 Eastern Daylight Time,2021-09-26,07:06:58,-0400,3786718342,taynixster,Taylor Lyles,,@AmandaFarough There's so many friendoâ€™s I know that got the iPhone 13 Pro in that color! Myself included!   Great choice in a phone upgrade!,en,[],[],[],0,0,1,[],[],https://twitter.com/TayNixster/status/1442083269445623810,False,,0,,,,,,,,"[{'screen_name': 'AmandaFarough', 'name': 'Manda ğŸ³ï¸\u200dğŸŒˆ', 'id': '9440792'}]",,,,
1442082357142450177,1442054708730859521,2021-09-26 07:03:21 Eastern Daylight Time,2021-09-26,07:03:21,-0400,246284989,kingpmoney,P Money,,@_khany @JustJamieHDG Big up! Gonna try both S21 and latest iPhone 13 pro,en,[],[],[],0,0,0,[],[],https://twitter.com/KingPMoney/status/1442082357142450177,False,,0,,,,,,,,"[{'screen_name': '_khany', 'name': 'Joseph Kane', 'id': '22523300'}, {'screen_name': 'JustJamieHDG', 'name': 'JustJamie', 'id': '1926362432'}]",,,,
1442075089479012356,1442075089479012356,2021-09-26 06:34:28 Eastern Daylight Time,2021-09-26,06:34:28,-0400,67255743,tamindir,Tamindir.com,,iPhone 13 Pro Max DayanÄ±klÄ±lÄ±k Testi (Video)  https://t.co/JHUprpLdfI  https://t.co/3mzUYziSqQ,tr,[],['http://ow.ly/kbbH102YjsD'],['https://pbs.twimg.com/media/FANHpukXEAEHBD-.jpg'],0,0,0,[],[],https://twitter.com/Tamindir/status/1442075089479012356,False,,1,https://pbs.twimg.com/media/FANHpukXEAEHBD-.jpg,,,,,,,[],,,,
1442074896578842635,1442074896578842635,2021-09-26 06:33:42 Eastern Daylight Time,2021-09-26,06:33:42,-0400,15480333,suka_hiroaki,Andreas Proschofsky,,Der @stefanmey hat fÃ¼r uns (= @derStandardat ) bereits das neue iPhone 13 Pro Max getestet! Hier geht's lang fÃ¼r Apple-Fans  https://t.co/cXzD9o7fFK,de,"[{'screen_name': 'stefanmey', 'name': 'stefan mey', 'id': '333301365'}, {'screen_name': 'derstandardat', 'name': 'der standard', 'id': '23085695'}]",['https://www.derstandard.at/story/2000129912348/iphone-13-pro-max-im-test-ein-alleskoenner-als-boost'],[],0,1,4,[],[],https://twitter.com/suka_hiroaki/status/1442074896578842635,False,,0,,,,,,,,[],,,,
1442073965615149056,1442073965615149056,2021-09-26 06:30:00 Eastern Daylight Time,2021-09-26,06:30:00,-0400,169001667,orange_es,Orange EspaÃ±a,,"iPhone 13 mini, iPhone 13, iPhone Pro y iPhone 13 Pro Max ya disponibles en Orange:  https://t.co/oCAUsp4pzk  https://t.co/cGPkNvsgGm",fr,[],['https://tiendaonline.orange.es/dispositivos/apple'],[],1,0,0,[],[],https://twitter.com/orange_es/status/1442073965615149056,False,,1,https://pbs.twimg.com/amplify_video_thumb/1438519024204201986/img/JxW-2PxVQtdTp7n8.jpg,,,,,,,[],,,,
1442072444722946050,1442067915323359233,2021-09-26 06:23:57 Eastern Daylight Time,2021-09-26,06:23:57,-0400,7117212,ee,EE,,"@_Dolliechops Thanks Hollie, we have a dedicated page up on our Community with all the information you need regarding deliveries for the iPhone 13 Pro Max.   You can check this out over at  https://t.co/r9oByBEslP, and will continue to keep you updated too - Peter",en,[],['https://community.ee.co.uk/t5/Apple/iPhone-13-delivery-queries/td-p/1081770'],[],1,0,0,[],[],https://twitter.com/EE/status/1442072444722946050,False,,0,,,,,,,,"[{'screen_name': '_Dolliechops', 'name': 'Hollie Yearwood', 'id': '101740955'}]",,,,
1442069223589793795,1442067915323359233,2021-09-26 06:11:09 Eastern Daylight Time,2021-09-26,06:11:09,-0400,7117212,ee,EE,,"@_Dolliechops Good morning Hollie, I hope you've been having a great weekend. and I totally get that you'll want to get hold of your new iPhone as soon as you can too!  Let's see what we can get checked out with this, which model of the iPhone 13 did you go for here? - Peter",en,[],[],[],1,0,1,[],[],https://twitter.com/EE/status/1442069223589793795,False,,0,,,,,,,,"[{'screen_name': '_Dolliechops', 'name': 'Hollie Yearwood', 'id': '101740955'}]",,,,
1442067929885859849,1441763257006624769,2021-09-26 06:06:01 Eastern Daylight Time,2021-09-26,06:06:01,-0400,6503412,sdw,Sebastiaan de With,,"For those extra perceptive followers: yes, that means I just got an iPhone 13 Pro and yes, Iâ€™m going to attach it to my motorcycle handlebars. Wish my camera luck. ğŸ¤",en,[],[],[],6,0,82,[],[],https://twitter.com/sdw/status/1442067929885859849,False,,0,,,,,,,,[],,,,
1442066904185769986,1442066904185769986,2021-09-26 06:01:56 Eastern Daylight Time,2021-09-26,06:01:56,-0400,16896485,inc,Inc.,,This is the iPhone 13 you should get. @jasonaten  https://t.co/bHzfeynGFm,en,"[{'screen_name': 'jasonaten', 'name': 'jason aten', 'id': '17373399'}]",['http://on.inc.com/hbLw0f0'],[],0,1,13,[],[],https://twitter.com/Inc/status/1442066904185769986,False,,0,,,,,,,,[],,,,
1442066855640793097,1442066855640793097,2021-09-26 06:01:45 Eastern Daylight Time,2021-09-26,06:01:45,-0400,145851433,c4etech,C4ETech,,Is the iPhone 13 the Best Value iPhone in 2021?  https://t.co/BlsQh0Mab7  https://t.co/g2bIfmALgC,en,[],['https://youtu.be/vTxnVgfDcHQ'],['https://pbs.twimg.com/media/FANAKZAVUAA3YH3.jpg'],12,9,220,[],[],https://twitter.com/C4ETech/status/1442066855640793097,False,,1,https://pbs.twimg.com/media/FANAKZAVUAA3YH3.jpg,,,,,,,[],,,,
1442066587780014080,1442066587780014080,2021-09-26 06:00:41 Eastern Daylight Time,2021-09-26,06:00:41,-0400,22401772,htcmania,HTCMania,,Apple explica a los desarrolladores cÃ³mo aprovechar la tasa de refresco variable del iPhone 13 Pro  https://t.co/x38bMWPhzM  https://t.co/Ys5paAz6ka,es,[],['https://www.htcmania.com/showthread.php?t=1610619'],['https://pbs.twimg.com/media/FAM_63OXMAUyksS.jpg'],0,0,7,[],[],https://twitter.com/htcmania/status/1442066587780014080,False,,1,https://pbs.twimg.com/media/FAM_63OXMAUyksS.jpg,,,,,,,[],,,,
1442066555332874241,1442066555332874241,2021-09-26 06:00:33 Eastern Daylight Time,2021-09-26,06:00:33,-0400,9396072,wired_jp,WIRED.jp,,ã‚¢ãƒƒãƒ—ãƒ«ãŒç™ºè¡¨ã—ãŸã€ŒiPhone 13ã€ã‚·ãƒªãƒ¼ã‚ºã«ã¯ã€ç›¸å¤‰ã‚ã‚‰ãšãƒ‡ã‚£ã‚¹ãƒ—ãƒ¬ã‚¤ä¸Šéƒ¨ã®å‡ºã£å¼µã‚Šã§ã‚ã‚‹ã€Œãƒãƒƒãƒã€ãŒæ®‹ã£ã¦ã„ã‚‹ã€‚å®Ÿã¯ãƒãƒƒãƒã«ã¯ã•ã¾ã–ã¾ãªéƒ¨å“ãŒçµ„ã¿è¾¼ã¾ã‚Œã¦ãŠã‚Šã€ç¾çŠ¶ã§ã¯å–ã‚Šé™¤ãã“ã¨ã¯é›£ã—ã„ã¨ã„ã†ã€‚  https://t.co/dNHgTJiuBO,ja,[],['https://bit.ly/3zux7Rs'],[],0,6,14,[],[],https://twitter.com/wired_jp/status/1442066555332874241,False,,0,,,,,,,,[],,,,
1442066420049797128,1442066420049797128,2021-09-26 06:00:01 Eastern Daylight Time,2021-09-26,06:00:01,-0400,1612504999,biindia,Business Insider IndiağŸ‡®ğŸ‡³,,"#Bitcoin scammers used #Apple's iPhone 13 reveal to steal $69,000 from fans    https://t.co/VcTwKmdUcL",en,[],['https://www.businessinsider.in/cryptocurrency/news/bitcoin-scammers-used-apples-iphone-13-reveal-to-steal-69000-from-fans/articleshow/86424300.cms'],[],0,2,2,"['bitcoin', 'apple']",[],https://twitter.com/BiIndia/status/1442066420049797128,False,,0,,,,,,,,[],,,,
1442066418850320388,1442066418850320388,2021-09-26 06:00:01 Eastern Daylight Time,2021-09-26,06:00:01,-0400,28332200,shiftdeletenet,ShiftDelete.Net,,ParÃ§alarÄ±na ayrÄ±lan iPhone 13â€™lerin batarya kapasiteleri ortaya Ã§Ä±ktÄ±  â€¢  https://t.co/rDVzsJMIQJ  https://t.co/8gOs4sjYcG,tr,[],['https://shiftdelete.net/parcalarina-ayrilan-iphone-13lerin-batarya-kapasiteleri-ortaya-cikti'],['https://pbs.twimg.com/media/FAMdMaeXMAAoCXm.jpg'],0,0,8,[],[],https://twitter.com/shiftdeletenet/status/1442066418850320388,False,,1,https://pbs.twimg.com/media/FAMdMaeXMAAoCXm.jpg,,,,,,,[],,,,
1442066145087983616,1442066145087983616,2021-09-26 05:58:55 Eastern Daylight Time,2021-09-26,05:58:55,-0400,18080002,adrianweckler,Adrian Weckler,,Video portrait mode (â€˜cinematic modeâ€™) on iPhone 13 creates background depth of field  https://t.co/soI6BITKGx,en,[],[],[],3,0,22,[],[],https://twitter.com/adrianweckler/status/1442066145087983616,False,,1,https://pbs.twimg.com/ext_tw_video_thumb/1442066085063311360/pu/img/rnUc4Pj_Iq8rBDE1.jpg,,,,,,,[],,,,
1442065828753588225,1442065828753588225,2021-09-26 05:57:40 Eastern Daylight Time,2021-09-26,05:57:40,-0400,919283569,thesuntech,The Sun Tech,,The best iPhone 13 tricks and tips â€“ including macro photos and cinematic video  https://t.co/gqOPimTxtk,en,[],['https://www.thesun.co.uk/tech/16231618/the-best-iphone-13-tricks/?utm_term=Autofeed&utm_medium=Social&utm_source=Twitter#Echobox=1632640884'],[],0,0,0,[],[],https://twitter.com/TheSunTech/status/1442065828753588225,False,,0,,,,,,,,[],,,,
1442065028450959363,1442065028450959363,2021-09-26 05:54:29 Eastern Daylight Time,2021-09-26,05:54:29,-0400,712613839670534144,andro4all,Andro4all,,Incluso China se rinde ante el iPhone 13  https://t.co/4BMxgiNahV,it,[],['https://andro4all.com/noticias/moviles/incluso-china-se-rinde-ante-el-iphone-13?utm_term=Autofeed&utm_medium=echobox&utm_source=Twitter#Echobox=1632649945'],[],0,0,5,[],[],https://twitter.com/andro4all/status/1442065028450959363,False,,0,,,,,,,,[],,,,
1442062745285763079,1442062745285763079,2021-09-26 05:45:25 Eastern Daylight Time,2021-09-26,05:45:25,-0400,39760075,3d_news,3DNews.ru,,Ğ§Ñ‚Ğ¾ ÑĞºÑ€Ñ‹Ğ²Ğ°ĞµÑ‚ iPhone 13 Pro: ÑĞ¿ĞµÑ†Ğ¸Ğ°Ğ»Ğ¸ÑÑ‚Ñ‹ iFixit Ğ¿Ñ€ĞµĞ¿Ğ°Ñ€Ğ¸Ñ€Ğ¾Ğ²Ğ°Ğ»Ğ¸ Ğ½Ğ¾Ğ²ĞµĞ¹ÑˆĞ¸Ğ¹ Ñ„Ğ»Ğ°Ğ³Ğ¼Ğ°Ğ½   https://t.co/MZi6VpUdLh,ru,[],['https://3dnews.ru/1049909/chto-skrivaet-iphone-13-pro-spetsialisti-ifixit-preparirovali-noveyshiy-flagman?utm_source=nova&utm_medium=twi'],[],0,4,6,[],[],https://twitter.com/3D_News/status/1442062745285763079,False,,0,,,,,,,,[],,,,
1442060845769367561,1442060845769367561,2021-09-26 05:37:52 Eastern Daylight Time,2021-09-26,05:37:52,-0400,2188291,pedroaznar,Pedro Aznar,,Dos cosas importantes de este vÃ­deo:  - El modo cinematogrÃ¡fico del iPhone 13 Pro Max es una locura - Mi tia es MUY JEFA  https://t.co/nZbNVn0XvM,es,[],[],[],3,0,45,[],[],https://twitter.com/pedroaznar/status/1442060845769367561,False,,1,https://pbs.twimg.com/ext_tw_video_thumb/1442060711794970627/pu/img/TDDEKnGicqCQOVJN.jpg,,,,,,,[],,,,
1442060203088879622,1442060203088879622,2021-09-26 05:35:19 Eastern Daylight Time,2021-09-26,05:35:19,-0400,37709558,ferraru,Ğ‘ĞµÑÑĞ¾Ğ½Ğ½Ğ°Ñ Ñ€ĞµĞ´Ğ°ĞºÑ†Ğ¸Ñ,,"Ğ¡Ğ¼Ğ°Ñ€Ñ‚Ñ„Ğ¾Ğ½Ñ‹ ÑĞµÑ€Ğ¸Ğ¸ iPhone 13 ÑÑ€Ğ°Ğ²Ğ½Ğ¸Ğ»Ğ¸ Ğ¿Ğ¾ ÑĞºĞ¾Ñ€Ğ¾ÑÑ‚Ğ¸ Ğ·Ğ°Ñ€ÑĞ´ĞºĞ¸ Ñ 0% Ğ´Ğ¾ 100%  Ğ’ ÑĞµÑ‚Ğ¸ Ğ¿Ğ¾ÑĞ²Ğ¸Ğ»Ğ¸ÑÑŒ Ñ€ĞµĞ·ÑƒĞ»ÑŒÑ‚Ğ°Ñ‚Ñ‹ Ñ‚ĞµÑÑ‚Ğ° Ğ½Ğ¾Ğ²Ñ‹Ñ… Ğ¼Ğ¾Ğ´ĞµĞ»ĞµĞ¹ iPhone 13 Ğ½Ğ° ÑĞºĞ¾Ñ€Ğ¾ÑÑ‚ÑŒ Ğ·Ğ°Ñ€ÑĞ´ĞºĞ¸. ĞŸĞ¾Ñ…Ğ¾Ğ¶Ğµ, Ñ‡Ñ‚Ğ¾ iPhone 13 Pro Max Ğ¼Ğ¾Ğ¶ĞµÑ‚ Ğ¿Ğ¾Ğ´Ğ´ĞµÑ€Ğ¶Ğ¸Ğ²Ğ°Ñ‚ÑŒ Ğ¼Ğ¾Ñ‰Ğ½Ğ¾ÑÑ‚ÑŒ Ğ´Ğ¾ 27 Ğ’Ñ‚.  https://t.co/7qxW4GqJAG  https://t.co/BKQL8ZjebO",ru,[],['https://www.ferra.ru/news/mobile/smartfony-serii-iphone-13-sravnili-po-skorosti-zaryadki-s-0-do-100-26-09-2021.htm?utm_source=ferratw&utm_medium=social'],['https://pbs.twimg.com/media/FAM6HNKXoAQcir9.jpg'],0,0,0,[],[],https://twitter.com/ferraru/status/1442060203088879622,False,,1,https://pbs.twimg.com/media/FAM6HNKXoAQcir9.jpg,,,,,,,[],,,,
1442058886643474440,1442058886643474440,2021-09-26 05:30:05 Eastern Daylight Time,2021-09-26,05:30:05,-0400,15383958,redmondpie,Redmond Pie,,"Best iPhone 13, 13 Pro Tempered Glass Screen Protectors Available Today [List]  https://t.co/fzTyH9II5a  https://t.co/t2sgL5uLjc",en,[],['https://buff.ly/3nHPVuh'],"['https://pbs.twimg.com/media/FAM46doVQAANSje.jpg', 'https://pbs.twimg.com/media/FAM46cnWYAAMUZo.jpg']",0,0,1,[],[],https://twitter.com/RedmondPie/status/1442058886643474440,False,,1,https://pbs.twimg.com/media/FAM46doVQAANSje.jpg,,,,,,,[],,,,
1442058620682657792,1442058620682657792,2021-09-26 05:29:01 Eastern Daylight Time,2021-09-26,05:29:01,-0400,3117534593,dropsdejogos,Drops de Jogos,,"Confira no Drops Cultura Tech, na TV Cultura, aborda iPhone 13 e Huawei Connect -  https://t.co/87VQpXydtO  https://t.co/TRhSSi8OXf",pt,[],['https://dropsdejogos.uai.com.br/noticias/cultura/cultura-tech-na-tv-cultura-aborda-iphone-13-e-huawei-connect/'],['https://pbs.twimg.com/media/FAM4rCjVEAYUel8.jpg'],0,2,1,[],[],https://twitter.com/dropsdejogos/status/1442058620682657792,False,,1,https://pbs.twimg.com/media/FAM4rCjVEAYUel8.jpg,,,,,,,[],,,,
1442057231738892289,1442057231738892289,2021-09-26 05:23:30 Eastern Daylight Time,2021-09-26,05:23:30,-0400,23328929,argos_online,Argos,,"@E3boi _Morning, the iPhone 13 is very popular so its sells out instantly we will be having more stock that is why it is on our website. Regards - Pauline",en,[],[],[],1,0,1,[],[],https://twitter.com/Argos_Online/status/1442057231738892289,False,,0,,,,,,,,[],,,,
1442054725721935875,1442054725721935875,2021-09-26 05:13:33 Eastern Daylight Time,2021-09-26,05:13:33,-0400,15326027,hdblog,HDblog,,"iPhone 13 Pro, buone notizie da iFixit  https://t.co/U8cJ5mxX42 via @HDblog  https://t.co/S4eMKFDIYI",it,"[{'screen_name': 'hdblog', 'name': 'hdblog', 'id': '15326027'}]",['http://dlvr.it/S8MGFw'],['https://pbs.twimg.com/media/FAM1IYqVQAQ024V.jpg'],0,0,12,[],[],https://twitter.com/HDblog/status/1442054725721935875,False,,1,https://pbs.twimg.com/media/FAM1IYqVQAQ024V.jpg,,,,,,,[],,,,
1442054513389551621,1442054513389551621,2021-09-26 05:12:42 Eastern Daylight Time,2021-09-26,05:12:42,-0400,18459380,appletips,appletips.nl,,ğŸš€ iPhone 13 (Pro): Kleinere notch en vernieuwd TrueDepth-cameraÂ­systeem ğŸ“± Zijn de aanpassingen de moeite waard om te upgraden? â¡ï¸  https://t.co/ZaCkcIMkad,nl,[],['https://www.appletips.nl/iphone-13-notch-truedepth-camerasysteem/'],[],0,0,3,[],[],https://twitter.com/appletips/status/1442054513389551621,False,,0,,,,,,,,[],,,,
1442051404688867341,1442051404688867341,2021-09-26 05:00:21 Eastern Daylight Time,2021-09-26,05:00:21,-0400,3819701,zdnet,ZDNet,,The iPhone 13 feels rough and unfinished   https://t.co/PNM9W44qak,en,[],['https://www.zdnet.com/article/the-iphone-13-feels-rough-and-unfinished/?ftag=COS-05-10aaa0g&taid=615036a4c9cd4700013348cf&utm_campaign=trueAnthem%3A+Trending+Content&utm_medium=trueAnthem&utm_source=twitter'],[],2,0,6,[],[],https://twitter.com/ZDNet/status/1442051404688867341,False,,0,,,,,,,,[],,,,
1442050520563306497,1441862220468604928,2021-09-26 04:56:50 Eastern Daylight Time,2021-09-26,04:56:50,-0400,7117212,ee,EE,,"@itsdillylive Thank you, Weâ€™re working as a matter of priority to get your iPhone 13 Pro Max to you as swiftly as possible â€“ and if you receive a message from our courier DPD, please follow their guidance. The current delivery status is showing up to 7 days. -Shabs",en,[],[],[],0,0,0,[],[],https://twitter.com/EE/status/1442050520563306497,False,,0,,,,,,,,"[{'screen_name': 'itsdillylive', 'name': 'itsdilly', 'id': '1291024846223269888'}]",,,,
1442050495644848132,1442046104086978562,2021-09-26 04:56:44 Eastern Daylight Time,2021-09-26,04:56:44,-0400,7117212,ee,EE,,"@Alexandrukore99 No problem at all, just as a quick heads up, we are estimating around 21 days for delivery on the iPhone 13 Pro Max right now, but there are some variants of the standard iPhone 13 and 13 Pro that should be available a fair bit sooner - Peter",en,[],[],[],0,0,0,[],[],https://twitter.com/EE/status/1442050495644848132,False,,0,,,,,,,,"[{'screen_name': 'Alexandrukore99', 'name': 'Alexandru', 'id': '934115792660115456'}]",,,,
1442045584051892227,1442045584051892227,2021-09-26 04:37:13 Eastern Daylight Time,2021-09-26,04:37:13,-0400,3819701,zdnet,ZDNet,,The iPhone 13 feels rough and unfinished  https://t.co/8RkIlNTDFC by @the_pc_doc,en,"[{'screen_name': 'the_pc_doc', 'name': 'adrian kingsley-hughes ğŸš€', 'id': '52379675'}]",['https://zd.net/3zThJ1f'],[],0,1,6,[],[],https://twitter.com/ZDNet/status/1442045584051892227,False,,0,,,,,,,,[],,,,
1442045402942001155,1441296844336730117,2021-09-26 04:36:30 Eastern Daylight Time,2021-09-26,04:36:30,-0400,20678384,vodafoneuk,Vodafone UK,,"@wnekati_ Hi Kasia, we're really sorry, some customers who pre-ordered an iPhone 13 will receive their phone later than expected due to a delay in receiving the supply.   We're working closely with Apple to get your order to you as soon as possible. Kieron",en,[],[],[],0,0,0,[],[],https://twitter.com/VodafoneUK/status/1442045402942001155,False,,0,,,,,,,,"[{'screen_name': 'wnekati_', 'name': 'Kasia WnÄ™k', 'id': '456307825'}]",,,,
1442044410691260416,1441907755904749568,2021-09-26 04:32:34 Eastern Daylight Time,2021-09-26,04:32:34,-0400,7272092,marcsettle,Marc Blank-Settle,,"@Rob_Layton only with something next to it to give it a sense of scale, like an iPhone. If the spider is bigger than an iPhone 13 pro max, then I rescind my request. ğŸ˜±",en,[],[],[],0,0,0,[],[],https://twitter.com/MarcSettle/status/1442044410691260416,False,,0,,,,,,,,"[{'screen_name': 'Rob_Layton', 'name': 'Rob Layton', 'id': '276344418'}]",,,,
1442043178396307456,1442041410509844482,2021-09-26 04:27:40 Eastern Daylight Time,2021-09-26,04:27:40,-0400,169001667,orange_es,Orange EspaÃ±a,,"@anabel_rdriguez Hola Anabel, en este enlace puedes reservar tu Iphone 13 en azul  https://t.co/hzWfMOLqno Esperamos verte pronto de nuevo por aquÃ­. Buen domingo y saludos. ^MD",es,[],['https://bit.ly/2K6fkfi'],[],1,0,0,[],[],https://twitter.com/orange_es/status/1442043178396307456,False,,0,,,,,,,,"[{'screen_name': 'anabel_rdriguez', 'name': 'Anabelâœ¨', 'id': '366135721'}]",,,,
1442038621196849156,1442038621196849156,2021-09-26 04:09:33 Eastern Daylight Time,2021-09-26,04:09:33,-0400,17174266,iculture,iCulture.nl,,Het ProMotion-scherm in de iPhone 13 Pro heeft een streepje voor.  https://t.co/0ywM1kKtM2,nl,[],['https://icultu.re/YmilTnw'],[],0,0,5,[],[],https://twitter.com/iCulture/status/1442038621196849156,False,,0,,,,,,,,[],,,,
1442038433950560257,1442038433950560257,2021-09-26 04:08:49 Eastern Daylight Time,2021-09-26,04:08:49,-0400,3992637442,technicalguruji,Gaurav Chaudhary,,"â‚¹10,38,700 Crazy iPhone 13 Shopping For YouğŸ”¥ğŸ”¥ğŸ”¥  https://t.co/DmTUzojNoF via @YouTubeIndia",en,"[{'screen_name': 'youtubeindia', 'name': 'youtube india', 'id': '180380465'}]",['https://youtu.be/SqqJ2zPXvyk'],[],335,241,2305,[],[],https://twitter.com/TechnicalGuruji/status/1442038433950560257,False,,0,,,,,,,,[],,,,
1442037676060786699,1441889834361045000,2021-09-26 04:05:48 Eastern Daylight Time,2021-09-26,04:05:48,-0400,89406771,mediamarkt_nl,MediaMarkt NL,,"@dr_Robbert Hi Robbert! Wat jammer om te horen dat jij de iPhone 13 nog niet in bezit hebt. Om de status van je bestelling na te kijken, willen we je graag verzoeken om ons een DM te sturen met je bestelgegevens.",nl,[],[],[],0,0,0,[],[],https://twitter.com/mediamarkt_nl/status/1442037676060786699,False,,0,,,,,,,,"[{'screen_name': 'dr_Robbert', 'name': 'robbert rijnders', 'id': '378117682'}]",,,,
1442036337364897799,1442036337364897799,2021-09-26 04:00:29 Eastern Daylight Time,2021-09-26,04:00:29,-0400,197150180,graziaindia,Grazia India,,Wondering if you should buy a new phone? #AditiRaoHydari's experience with the new #iPhone 13 might just help you decide  #new #technology #celebrity  https://t.co/G4GVXiaMAI,en,[],['https://www.grazia.co.in/lifestyle/celebrity-gadgets-aditi-rao-hydari-helps-us-pick-a-new-phone-8178.html'],[],0,1,1,"['aditiraohydari', 'iphone', 'new', 'technology', 'celebrity']",[],https://twitter.com/GraziaIndia/status/1442036337364897799,False,,0,,,,,,,,[],,,,
1442036155533479940,1442036155533479940,2021-09-26 03:59:45 Eastern Daylight Time,2021-09-26,03:59:45,-0400,395218906,corriere,Corriere della Sera,,iPhone 13 piÃ¹ attento alla privacy Ecco cinque novitÃ  da attivare subito con iOS 15: co...  https://t.co/EGVL1lV2X7  https://t.co/AphVcE8H2p,it,[],['http://csera.it/14c1bc62Nl'],['https://pbs.twimg.com/media/FAMkPfRXIAEiD-B.jpg'],3,0,4,[],[],https://twitter.com/Corriere/status/1442036155533479940,False,,1,https://pbs.twimg.com/media/FAMkPfRXIAEiD-B.jpg,,,,,,,[],,,,
1442033661314883584,1442033661314883584,2021-09-26 03:49:51 Eastern Daylight Time,2021-09-26,03:49:51,-0400,172293284,gadgetsnow,Gadgets Now,,"Sonyâ€™s new Rs 13 lakh TV, new launches from Redmi, Realme, iPhone 13 goes on sale and more top tech news of the week. Tap to know   https://t.co/PIyMZe1a8T",en,[],['https://www.gadgetsnow.com/slideshows/apple-iphone-13-goes-on-sale-sonys-new-rs-13-lakh-tv-new-launches-from-redmi-realme-and-more/photolist/86510303.cms'],[],0,1,7,[],[],https://twitter.com/gadgetsnow/status/1442033661314883584,False,,0,,,,,,,,[],,,,
1442032390541545480,1442032390541545480,2021-09-26 03:44:48 Eastern Daylight Time,2021-09-26,03:44:48,-0400,128830015,iphonesoft_fr,iPhoneSoft.fr,,Comment utiliser les Styles de lâ€™appareil photo des iPhone 13  https://t.co/y7yEXjeRVg #iSoft #iPhone #Apple #Mac #iOS,fr,[],['https://iphonesoft.fr/2021/09/26/comment-utiliser-styles-appareil-photo-iphone-13'],[],0,2,3,"['isoft', 'iphone', 'apple', 'mac', 'ios']",[],https://twitter.com/iphonesoft_fr/status/1442032390541545480,False,,0,,,,,,,,[],,,,
1442031712133844992,1442031712133844992,2021-09-26 03:42:06 Eastern Daylight Time,2021-09-26,03:42:06,-0400,18459380,appletips,appletips.nl,,"ğŸ”´ Weekoverzicht 38: iOS 15, iPhone 13 reviews, AirTag problemen en meer ğŸ”¥ğŸ“†â¡ï¸  https://t.co/P9Gg1wO2Ff",nl,[],['https://www.appletips.nl/weekoverzicht-38-2021/'],[],0,0,0,[],[],https://twitter.com/appletips/status/1442031712133844992,False,,0,,,,,,,,[],,,,
1442031708916776962,1442031708916776962,2021-09-26 03:42:05 Eastern Daylight Time,2021-09-26,03:42:05,-0400,2785569453,megabayt_sm,MegaBayt,,iPhone 13 serisinde geliÅŸme var mÄ±?ğŸ”‹  Batarya performansÄ± test edildiğŸ‘‡  https://t.co/dqoJzIn1jx,tr,[],['https://www.megabayt.com/telefon/iphone-13-serisi-batarya-testinde-iphone-12-11-ve-se-ile-karsi-karsiya/'],[],0,0,0,[],[],https://twitter.com/MegaBayt_SM/status/1442031708916776962,False,,0,,,,,,,,[],,,,
1442031321333870592,1441300763565694980,2021-09-26 03:40:33 Eastern Daylight Time,2021-09-26,03:40:33,-0400,1356386088,docomo_cs,ãƒ‰ã‚³ãƒ¢å…¬å¼ã‚µãƒãƒ¼ãƒˆ,,"@amatenwassyoi ã‹ã—ã“ã¾ã‚Šã¾ã—ãŸğŸ™‹ ãã‚Œã§ã—ãŸã‚‰å…ˆæ—¥ç™ºå£²ã•ã‚ŒãŸã€ŒiPhone 13 miniã€ã¯ã„ã‹ãŒã§ã—ã‚‡ã†ã‹ï¼Ÿ ã®ã‚Šã‹ãˆï¼ˆMNPï¼‰ã®å ´åˆã€ã€Œ5Gã€€WELCOMEå‰²ã€ãŒé©ç”¨ã•ã‚Œã€22,000å††ï¼ˆç¨è¾¼ï¼‰ãŒç«¯æœ«ä»£é‡‘ã‹ã‚‰å‰²å¼•ã•ã‚Œã¾ã™ã®ã§ãŠå¾—ã«ã”è³¼å…¥ã„ãŸã ã‘ã¾ã™ã‚ˆğŸŒŸ æ©Ÿç¨®è©³ç´°ã¯ã“ã¡ã‚‰â†’ã€  https://t.co/WvloPBsnib â‡’ iPhone 13 miniã€‘",ja,[],['https://bit.ly/3oMIQqF'],[],0,0,0,[],[],https://twitter.com/docomo_cs/status/1442031321333870592,False,,0,,,,,,,,"[{'screen_name': 'amatenwassyoi', 'name': 'ã‚¤ã‚¨ãƒ‹ãƒ»ãƒˆãƒ„ã‚²ã‚­ ã‚ã¾ã¦ã‚“â˜‚ï¸ğŸ¤', 'id': '2899188505'}]",,,,
1442030528127852546,1441487424207691778,2021-09-26 03:37:24 Eastern Daylight Time,2021-09-26,03:37:24,-0400,20678384,vodafoneuk,Vodafone UK,,"@Tracey12316 Hey there ğŸ‘‹ Thank you for your patience, we are super busy on the phone lines at the moment with the exciting iPhone 13 launch.  Our webchat team can process upgrades for you so if you speak to them they will be able help you out ğŸ˜ Phil",en,[],[],[],0,0,0,[],[],https://twitter.com/VodafoneUK/status/1442030528127852546,False,,0,,,,,,,,"[{'screen_name': 'Tracey12316', 'name': 'Tracey123', 'id': '1280491536623550465'}]",,,,
1442030196152963077,1442030196152963077,2021-09-26 03:36:05 Eastern Daylight Time,2021-09-26,03:36:05,-0400,89907746,meristation,MeriStation.com,,Recomendaciones y pasos a seguir para pasar toda la informaciÃ³n de tu iPhone al nuevo iPhone 13 y eliminar todos tus datos del viejo mÃ³vil.  https://t.co/BKVWi0P6NP,es,[],['https://as.com/meristation/2021/09/25/betech/1632560012_919648.html?utm_term=Autofeed&ssm=CM_MERI_TW#Echobox=1632615910'],[],0,0,3,[],[],https://twitter.com/MeriStation/status/1442030196152963077,False,,0,,,,,,,,[],,,,
1442030101424607234,1441746322516844545,2021-09-26 03:35:42 Eastern Daylight Time,2021-09-26,03:35:42,-0400,40838914,coolblue_nl,Coolblue,,"@JPFlikweert Hey JP, we snappen dat je baalt dat je langer moet wachten op de nieuwe iPhone 13! Wij doen ons best om de voorraad zo actueel mogelijk te houden. We zijn echter wel afhankelijk van onze leveranciers voor het ontvangen van voorraad. Zodra de iPhone er weer is, hoor je van ons!",nl,[],[],[],0,0,0,[],[],https://twitter.com/Coolblue_NL/status/1442030101424607234,False,,0,,,,,,,,"[{'screen_name': 'JPFlikweert', 'name': 'JP Flikweert', 'id': '259794066'}]",,,,
1442029825233801232,1442029825233801232,2021-09-26 03:34:36 Eastern Daylight Time,2021-09-26,03:34:36,-0400,2541194262,grablyr,Raphael Grably,,"Photo classique Ã  gauche, mode macro Ã  droite (iPhone 13 Pro)  https://t.co/Qa1GXymsGz",fr,[],[],"['https://pbs.twimg.com/media/FAMeeYVVUAEtgHp.jpg', 'https://pbs.twimg.com/media/FAMeeX8WUAAwrMV.jpg']",6,3,74,[],[],https://twitter.com/GrablyR/status/1442029825233801232,False,,1,https://pbs.twimg.com/media/FAMeeYVVUAEtgHp.jpg,,,,,,,[],,,,
1442028697410682887,1442028697410682887,2021-09-26 03:30:07 Eastern Daylight Time,2021-09-26,03:30:07,-0400,3819701,zdnet,ZDNet,,New iPhone 13? Don't forget to update!   https://t.co/Wf0zT7xVwF,en,[],['https://www.zdnet.com/article/new-iphone-13-dont-forget-to-update/?ftag=COS-05-10aaa0g&taid=6150217f5379b70001bcd7eb&utm_campaign=trueAnthem%3A+Trending+Content&utm_medium=trueAnthem&utm_source=twitter'],[],0,1,0,[],[],https://twitter.com/ZDNet/status/1442028697410682887,False,,0,,,,,,,,[],,,,
1442028685658365954,1442028685658365954,2021-09-26 03:30:04 Eastern Daylight Time,2021-09-26,03:30:04,-0400,15383958,redmondpie,Redmond Pie,,"Battery Life Drain Test Compares iPhone 13 Pro Max / Pro / 13 / mini With iPhone 12, 11, SE  https://t.co/08K6wEY9FT  https://t.co/r4tp0hVJ9g",en,[],['https://buff.ly/2Wi8sly'],['https://pbs.twimg.com/media/FAMdci0UUAM_EwF.jpg'],0,0,1,[],[],https://twitter.com/RedmondPie/status/1442028685658365954,False,,1,https://pbs.twimg.com/media/FAMdci0UUAM_EwF.jpg,,,,,,,[],,,,
1442025767022448648,1442025767022448648,2021-09-26 03:18:29 Eastern Daylight Time,2021-09-26,03:18:29,-0400,33836629,karpathy,Andrej Karpathy,,"Moved to iPhone 13 Pro from my 12 mini. Reeeaaally disliking the much bigger/heavier form ;(, but liking ProMotion, cameras++ and extra battery. (I usually had to charge the 12 mini later in evenings.) But overall thinking I made a mistake. Which iPhone form do you all like best?",en,[],[],[],142,10,185,[],[],https://twitter.com/karpathy/status/1442025767022448648,False,,0,,,,,,,,[],,,,
1442025277362688000,1442025277362688000,2021-09-26 03:16:32 Eastern Daylight Time,2021-09-26,03:16:32,-0400,992633006,webtekno,Webtekno,,"iPhone 13 serisi, Ã¶nceki nesil iPhone'lara karÅŸÄ± batarya testine girdi:  ğŸ“Œ Aktif ve yoÄŸun kullanÄ±mda iPhone 13 7 saat 45 dakika, iPhone 12'yse 5 saat 54 dakika ayakta kaldÄ±.  ğŸ“Œ iPhone 13 Pro Max, 9 saat 52 dakika dayandÄ±.",tr,[],[],[],11,7,353,[],[],https://twitter.com/webtekno/status/1442025277362688000,False,,0,,,,,,,,[],,,,
1442025132910731264,1441598334435672070,2021-09-26 03:15:57 Eastern Daylight Time,2021-09-26,03:15:57,-0400,59028840,ais_thailand,AIS,,@mvWAuOjoxayecXc à¸ªà¸¡à¸²à¸¢à¸¥à¹Œ-à¸«à¸—à¸±à¸¢à¸Šà¸™à¸ à¸¡à¸²à¸”à¸¹à¹à¸¥à¸™à¸°à¸„à¸° à¸‚à¸­à¸šà¸„à¸¸à¸“ à¸„à¸¸à¸“ @mvWAuOjoxayecXc à¸—à¸µà¹ˆà¹ƒà¸«à¹‰à¸„à¸§à¸²à¸¡à¸ªà¸™à¹ƒà¸ˆ iPhone 13 AIS à¸ˆà¸°à¹€à¸›à¸´à¸”à¸ªà¸±à¹ˆà¸‡à¸‹à¸·à¹‰à¸­à¸¥à¹ˆà¸§à¸‡à¸«à¸™à¹‰à¸² à¸§à¸±à¸™à¸—à¸µà¹ˆ 1 à¸•à¸¸à¸¥à¸²à¸„à¸¡ 2564 à¸ªà¸³à¸«à¸£à¸±à¸šà¸£à¸²à¸„à¸² à¹à¸¥à¸° Promotion à¸•à¹ˆà¸²à¸‡à¹† à¸ªà¸²à¸¡à¸²à¸£à¸–à¸•à¸´à¸”à¸•à¸²à¸¡à¹„à¸”à¹‰à¸ˆà¸²à¸ Website  https://t.co/j5k0FJ0oiQ,th,"[{'screen_name': 'mvwauojoxayecxc', 'name': 'à¸„à¸´à¸•à¸•à¸µà¹‰', 'id': '1420230543971471362'}]",['https://www.ais.th/apple/iphone-13-pro/'],[],0,0,0,[],[],https://twitter.com/AIS_Thailand/status/1442025132910731264,False,,0,,,,,,,,"[{'screen_name': 'mvWAuOjoxayecXc', 'name': 'à¸„à¸´à¸•à¸•à¸µà¹‰', 'id': '1420230543971471362'}]",,,,
1442024843365343241,1442024843365343241,2021-09-26 03:14:48 Eastern Daylight Time,2021-09-26,03:14:48,-0400,5725332,teltarif,teltarif.de,,iPhone 13 (mini) &amp; 13 Pro (Max) mit Netzbetreiber-Tarifen  https://t.co/zUKTIQ4gxD,de,[],['https://www.teltarif.de/nr3/h/iphone/tarife.html?update=21382989'],[],0,0,0,[],[],https://twitter.com/teltarif/status/1442024843365343241,False,,0,,,,,,,,[],,,,
1442023973496164352,1442023973496164352,2021-09-26 03:11:21 Eastern Daylight Time,2021-09-26,03:11:21,-0400,37709558,ferraru,Ğ‘ĞµÑÑĞ¾Ğ½Ğ½Ğ°Ñ Ñ€ĞµĞ´Ğ°ĞºÑ†Ğ¸Ñ,,"ĞĞ°Ğ·Ğ²Ğ°Ğ½ ÑĞ°Ğ¼Ñ‹Ğ¹ Ğ¿Ğ¾Ğ¿ÑƒĞ»ÑÑ€Ğ½Ñ‹Ğ¹ ÑÑ€ĞµĞ´Ğ¸ Ñ€Ğ¾ÑÑĞ¸ÑĞ½ iPhone Ğ² 2021 Ğ³Ğ¾Ğ´Ñƒ  Ğ’ Ğ Ğ¾ÑÑĞ¸Ğ¸ Ğ²ÑĞµĞ³Ğ¾ Ğ½ĞµÑĞºĞ¾Ğ»ÑŒĞºĞ¾ Ğ´Ğ½ĞµĞ¹ Ğ½Ğ°Ğ·Ğ°Ğ´ ÑÑ‚Ğ°Ñ€Ñ‚Ğ¾Ğ²Ğ°Ğ»Ğ¸ Ğ¿Ñ€Ğ¾Ğ´Ğ°Ğ¶Ğ¸ Ğ½Ğ¾Ğ²ĞµĞ½ÑŒĞºĞ¸Ñ… iPhone 13. ĞĞµÑĞ¼Ğ¾Ñ‚Ñ€Ñ Ğ½Ğ° ÑÑ‚Ğ¾, ÑĞºÑĞ¿ĞµÑ€Ñ‚Ñ‹ ÑƒĞ¶Ğµ Ğ¿Ğ¾Ğ´ÑÑ‡Ğ¸Ñ‚Ğ°Ğ»Ğ¸, ĞºĞ°ĞºĞ¸Ğµ ÑĞ¼Ğ°Ñ€Ñ‚Ñ„Ğ¾Ğ½Ñ‹ Apple Ğ¿Ğ¾Ğ»ÑŒĞ·ÑƒÑÑ‚ÑÑ Ğ¿Ğ¾Ğ¿ÑƒĞ»ÑÑ€Ğ½Ğ¾ÑÑ‚ÑŒÑ Ñƒ Ğ½Ğ°ÑˆĞ¸Ñ… ÑĞ¾Ğ¾Ñ‚ĞµÑ‡ĞµÑÑ‚Ğ²ĞµĞ½Ğ½Ğ¸ĞºĞ¾Ğ² â€¦  https://t.co/QOAjgHkVLL  https://t.co/f2rvfcryjZ",ru,[],['https://www.ferra.ru/news/mobile/nazvan-samyi-populyarnyi-sredi-rossiyan-iphone-v-2021-godu-26-09-2021.htm?utm_source=ferratw&utm_medium=social'],['https://pbs.twimg.com/media/FAMZKTlVQAQCFI8.jpg'],0,0,0,[],[],https://twitter.com/ferraru/status/1442023973496164352,False,,1,https://pbs.twimg.com/media/FAMZKTlVQAQCFI8.jpg,,,,,,,[],,,,
1442023475611258884,1442023475611258884,2021-09-26 03:09:22 Eastern Daylight Time,2021-09-26,03:09:22,-0400,21253322,jeromekeinborg,JÃ©rÃ´me Keinborg,,"@jojol67 je fais passer ğŸ˜‰   (et pour moi un iPhone 13 pro 1To osef la couleur, câ€™est pour revendre, bisou, la compta @NowTechTV ğŸ˜­)  https://t.co/eiVL1tfVfS",fr,"[{'screen_name': 'nowtechtv', 'name': 'nowtech', 'id': '1283159502'}]",[],['https://pbs.twimg.com/media/FAMYtSIVkAM4vhe.jpg'],1,0,22,[],[],https://twitter.com/jeromekeinborg/status/1442023475611258884,False,,1,https://pbs.twimg.com/media/FAMYtSIVkAM4vhe.jpg,,,,,,,[],,,,
1442022154950807553,1442022154950807553,2021-09-26 03:04:07 Eastern Daylight Time,2021-09-26,03:04:07,-0400,28090436,supersaf,Safwan AhmedMia,,iPhone 13 Pro Max Photo Dump ğŸ‘ğŸ½  https://t.co/BVlZsgHt3k,en,[],[],"['https://pbs.twimg.com/media/FAMXgElVIAU17gJ.jpg', 'https://pbs.twimg.com/media/FAMXgEkUYAY9tQM.jpg', 'https://pbs.twimg.com/media/FAMXgEDX0AQupl8.jpg', 'https://pbs.twimg.com/media/FAMXgFuXMAE3lrS.jpg']",21,45,1223,[],[],https://twitter.com/SuperSaf/status/1442022154950807553,False,,1,https://pbs.twimg.com/media/FAMXgElVIAU17gJ.jpg,,,,,,,[],,,,
1442018868864585728,1442018868864585728,2021-09-26 02:51:04 Eastern Daylight Time,2021-09-26,02:51:04,-0400,37709558,ferraru,Ğ‘ĞµÑÑĞ¾Ğ½Ğ½Ğ°Ñ Ñ€ĞµĞ´Ğ°ĞºÑ†Ğ¸Ñ,,ĞĞ¾Ğ²ĞµĞ¹ÑˆĞ¸Ğ¹ Ñ„Ğ»Ğ°Ğ³Ğ¼Ğ°Ğ½ iPhone 13 Pro Max ÑÑ€Ğ°Ğ²Ğ½Ğ¸Ğ»Ğ¸ Ñ Ğ»ÑƒÑ‡ÑˆĞ¸Ğ¼ ÑĞ¼Ğ°Ñ€Ñ‚Ñ„Ğ¾Ğ½Ğ¾Ğ¼ Xiaomi Ğ¿Ğ¾ ĞºĞ°Ñ‡ĞµÑÑ‚Ğ²Ñƒ Ñ„Ğ¾Ñ‚Ğ¾ Ğ¸ Ğ²Ğ¸Ğ´ĞµĞ¾ Ğ½Ğ¾Ñ‡ÑŒÑ  ĞĞ° YouTube-ĞºĞ°Ğ½Ğ°Ğ»Ğµ TechTablets Ğ²Ñ‹ÑˆĞµĞ» Ğ¾Ğ±Ğ·Ğ¾Ñ€ ĞºĞ°Ğ¼ĞµÑ€ Ğ´Ğ²ÑƒÑ… Ğ»ÑƒÑ‡ÑˆĞ¸Ñ… ÑĞ¼Ğ°Ñ€Ñ‚Ñ„Ğ¾Ğ½Ğ¾Ğ² ĞºĞ¾Ğ¼Ğ¿Ğ°Ğ½Ğ¸Ğ¹ Apple Ğ¸ Xiaomi. Ğ¢ĞµÑÑ‚Ğ¸Ñ€Ğ¾Ğ²Ğ°Ğ»Ğ¸ÑÑŒ iPhone 13 Pro Max Ğ¸ Mi 11 Ultra Ğ² ÑĞ»â€¦  https://t.co/lgoH0Vf1ss  https://t.co/0HEZcGHVPK,ru,[],['https://www.ferra.ru/news/mobile/noveishii-flagman-iphone-13-pro-max-sravnili-s-luchshim-smartfonom-xiaomi-po-kachestvu-foto-i-video-nochyu-26-09-2021.htm?utm_source=ferratw&utm_medium=social'],['https://pbs.twimg.com/media/FAMUhIZXIAIJzVf.jpg'],0,0,0,[],[],https://twitter.com/ferraru/status/1442018868864585728,False,,1,https://pbs.twimg.com/media/FAMUhIZXIAIJzVf.jpg,,,,,,,[],,,,
1442017400992452608,1442017400992452608,2021-09-26 02:45:14 Eastern Daylight Time,2021-09-26,02:45:14,-0400,105852540,a_gafes,Ø¹Ø¨Ø¯Ø§Ù„Ù„Ù‡ Ø§Ù„ØºÙÙŠØµ,,ÙÙŠØ¯ÙŠÙˆ ÙØªØ­ ØµÙ†Ø¯ÙˆÙ‚ iPhone 13 Pro Ù„ÙˆÙ† Ø£Ø²Ø±Ù‚ Ø§Ù„Ø³Ù…Ø§ÙˆÙŠ Ø§Ù„Ø¬Ø¯ÙŠØ¯ Sierra Blue ÙˆÙ…Ù‚Ø§Ø±Ù†Ø© Ù…Ø¹ Ø£ÙŠÙÙˆÙ† 12 Ø¨Ø±Ùˆ :   https://t.co/MGeyuyr54q  #iPhone13Pro  #iPhone13  https://t.co/6RDNtJKbjI,ar,[],['https://youtu.be/fazx6HutfLk'],['https://pbs.twimg.com/media/FAMTDzaUYAEmEjt.jpg'],4,12,33,"['iphone13pro', 'iphone13']",[],https://twitter.com/A_Gafes/status/1442017400992452608,False,,1,https://pbs.twimg.com/media/FAMTDzaUYAEmEjt.jpg,,,,,,,[],,,,
1442016564614627331,1442016564614627331,2021-09-26 02:41:55 Eastern Daylight Time,2021-09-26,02:41:55,-0400,16015009,jasonogrady,Jason O'Grady âš¡ï¸,,Both squares are in sync on my iPhone 13 Pro. How does the test look on your screen? ğŸ¤·ğŸ¼â€â™‚ï¸,en,[],[],[],0,1,0,[],[],https://twitter.com/JasonOGrady/status/1442016564614627331,False,https://twitter.com/marcedwards/status/1053519077958803456,0,,,,,,,,[],,,,
1442015639594438663,1442015639594438663,2021-09-26 02:38:14 Eastern Daylight Time,2021-09-26,02:38:14,-0400,835839927443062788,shokeensanchit,Sanchit Shokeen,,iPhone 13 &amp; 13 Mini Unboxing: AVERAGE Phones! | #TechBar    https://t.co/zkXzrrmiw0,en,[],['https://youtu.be/_ulvjdSt5qU'],[],7,13,213,['techbar'],[],https://twitter.com/ShokeenSanchit/status/1442015639594438663,False,,0,,,,,,,,[],,,,
1442014808002473985,1442014808002473985,2021-09-26 02:34:56 Eastern Daylight Time,2021-09-26,02:34:56,-0400,1616816149,isuta_jp,isuta,,ã‚«ãƒ©ãƒ¼ã‚¹ãƒˆãƒ©ãƒƒãƒ—ã‚„ã‚«ãƒ©ãƒŠãƒ“ã§è‡ªåˆ†ã‚‰ã—ã„ã‚¹ã‚¿ã‚¤ãƒ«ã«ã€‚ã€Œbitplayã€ã‹ã‚‰iPhone 13ã‚·ãƒªãƒ¼ã‚ºå‘ã‘æ–°ã‚±ãƒ¼ã‚¹ç™»å ´  https://t.co/tgvDp5cIoj via @isuta_jp  https://t.co/SU1nQ8xbJ2,ja,"[{'screen_name': 'isuta_jp', 'name': 'isuta', 'id': '1616816149'}]",['https://ift.tt/3ubLpVX'],['https://pbs.twimg.com/media/FAMQ05LXoAMh74V.jpg'],0,2,3,[],[],https://twitter.com/ISUTA_JP/status/1442014808002473985,False,,1,https://pbs.twimg.com/media/FAMQ05LXoAMh74V.jpg,,,,,,,[],,,,
1442013579272622081,1442013579272622081,2021-09-26 02:30:03 Eastern Daylight Time,2021-09-26,02:30:03,-0400,15383958,redmondpie,Redmond Pie,,Developers Will Be Able To Take Advantage Of iPhone 13â€™s ProMotion Display For Their Apps  https://t.co/4I6tY5ilqi  https://t.co/DNvpdGvlmU,en,[],['https://buff.ly/3i7BbRF'],['https://pbs.twimg.com/media/FAMPtPIVQBMautw.jpg'],0,1,5,[],[],https://twitter.com/RedmondPie/status/1442013579272622081,False,,1,https://pbs.twimg.com/media/FAMPtPIVQBMautw.jpg,,,,,,,[],,,,
1442013575317438465,1442013575317438465,2021-09-26 02:30:02 Eastern Daylight Time,2021-09-26,02:30:02,-0400,1245203225478754305,bewakoof,Bewakoof,,When you're ready to give Chaand and Taare to your girlfriend but she wants Iphone 13 pro ğŸ˜¨  https://t.co/6tKzhBN3Ca,en,[],[],['https://pbs.twimg.com/media/FAMPs-3VcAIEoQW.jpg'],3,1,9,[],[],https://twitter.com/bewakoof/status/1442013575317438465,False,,1,https://pbs.twimg.com/media/FAMPs-3VcAIEoQW.jpg,,,,,,,[],,,,
1442013567243329540,1442013567243329540,2021-09-26 02:30:00 Eastern Daylight Time,2021-09-26,02:30:00,-0400,43077446,gadgets360,Gadgets 360,,"iPhone 13, Apple Watch Series 7 mark a boring year for Apple  #OrbitalPodcast   https://t.co/D8Ta1a98LU",en,[],['https://gadgets.ndtv.com/podcasts/features/iphone-13-price-in-india-ipad-mini-2021-9th-apple-watch-series-7-pro-max-launch-orbital-podcast-2544029'],[],0,6,27,['orbitalpodcast'],[],https://twitter.com/Gadgets360/status/1442013567243329540,False,,0,,,,,,,,[],,,,
1442009048027578370,1442009048027578370,2021-09-26 02:12:02 Eastern Daylight Time,2021-09-26,02:12:02,-0400,45517564,weeklyascii,é€±åˆŠã‚¢ã‚¹ã‚­ãƒ¼,,æ ¼å®‰SIMã€SIMãƒ•ãƒªãƒ¼ã‚¹ãƒãƒ›ã®1é€±é–“ã®è©±é¡Œã‚’ã¾ã¨ã‚ã¦ãŠå±Šã‘ã€‚å…ˆé€±ã¯iPhone 13ã‚·ãƒªãƒ¼ã‚ºãŒç™ºå£²ã€‚UQ mobileã€Y!mobileã€LINEMOãªã©ã®ã‚µãƒ–ãƒ–ãƒ©ãƒ³ãƒ‰ã€æ–°æ–™é‡‘ãƒ—ãƒ©ãƒ³ãªã©ã§å‹•ä½œç¢ºèªãŒå ±å‘Šã•ã‚Œã¦ã„ã‚‹ã€‚  https://t.co/UlVRNKoKIp,ja,[],['https://ascii.jp/elem/000/004/070/4070134/'],[],0,1,4,[],[],https://twitter.com/weeklyascii/status/1442009048027578370,False,,0,,,,,,,,[],,,,
1442008795383668739,1442008795383668739,2021-09-26 02:11:02 Eastern Daylight Time,2021-09-26,02:11:02,-0400,320548088,asciijpeditors,ASCII.jp,,æ ¼å®‰SIMã€SIMãƒ•ãƒªãƒ¼ã‚¹ãƒãƒ›ã®1é€±é–“ã®è©±é¡Œã‚’ã¾ã¨ã‚ã¦ãŠå±Šã‘ã€‚å…ˆé€±ã¯iPhone 13ã‚·ãƒªãƒ¼ã‚ºãŒç™ºå£²ã€‚UQ mobileã€Y!mobileã€LINEMOãªã©ã®ã‚µãƒ–ãƒ–ãƒ©ãƒ³ãƒ‰ã€æ–°æ–™é‡‘ãƒ—ãƒ©ãƒ³ãªã©ã§å‹•ä½œç¢ºèªãŒå ±å‘Šã•ã‚Œã¦ã„ã‚‹ã€‚  https://t.co/xQs8DKuKRD,ja,[],['https://ascii.jp/elem/000/004/070/4070134/'],[],0,1,7,[],[],https://twitter.com/asciijpeditors/status/1442008795383668739,False,,0,,,,,,,,[],,,,
1442005021344731137,1442005021344731137,2021-09-26 01:56:02 Eastern Daylight Time,2021-09-26,01:56:02,-0400,183154793,macnews_de,GIGA APPLE,,iPhone 13 mit Vertrag: So spart ihr richtig viel Geld  https://t.co/9yCzsdoMp1,de,[],['http://dlvr.it/S8LtcY'],[],0,0,2,[],[],https://twitter.com/macnews_de/status/1442005021344731137,False,,0,,,,,,,,[],,,,
1442004427284508672,1441496977942876163,2021-09-26 01:53:41 Eastern Daylight Time,2021-09-26,01:53:41,-0400,1304532979327344648,backbone,Backbone,,"@JustinWoodman Hey! Since the experience of using an iPhone 13 Pro with Backbone One isn't as ideal as we'd prefer, we're releasing a free 3D printable adapter. Check out some more information here:   https://t.co/64xutNqJZo",en,[],['https://www.reddit.com/r/Backbone/comments/pvhl98/backbone_one_iphone_13_pro_pro_max_adapter/?utm_source=share&utm_medium=web2x&context=3'],[],1,0,1,[],[],https://twitter.com/backbone/status/1442004427284508672,False,,0,,,,,,,,"[{'screen_name': 'JustinWoodman', 'name': 'justin woodman', 'id': '377579198'}]",,,,
1442004284703313925,1441742235196854277,2021-09-26 01:53:07 Eastern Daylight Time,2021-09-26,01:53:07,-0400,1304532979327344648,backbone,Backbone,,"@_RyanBritt Hey! Since the experience of using an iPhone 13 Pro with Backbone One isn't as ideal as we'd prefer, we're releasing a free 3D printable adapter. Check out some more information here:   https://t.co/64xutNqJZo",en,[],['https://www.reddit.com/r/Backbone/comments/pvhl98/backbone_one_iphone_13_pro_pro_max_adapter/?utm_source=share&utm_medium=web2x&context=3'],[],1,0,1,[],[],https://twitter.com/backbone/status/1442004284703313925,False,,0,,,,,,,,"[{'screen_name': '_RyanBritt', 'name': 'Ryan Britt', 'id': '343607644'}]",,,,
1442003984584097795,1441987191756967938,2021-09-26 01:51:55 Eastern Daylight Time,2021-09-26,01:51:55,-0400,1304532979327344648,backbone,Backbone,,"@ronaldmblessed Hey! Since the experience of using an iPhone 13 Pro with Backbone One isn't as ideal as we'd prefer, we're releasing a free 3D printable adapter. Check out some more information here:   https://t.co/64xutNqJZo",en,[],['https://www.reddit.com/r/Backbone/comments/pvhl98/backbone_one_iphone_13_pro_pro_max_adapter/?utm_source=share&utm_medium=web2x&context=3'],[],0,0,0,[],[],https://twitter.com/backbone/status/1442003984584097795,False,,0,,,,,,,,"[{'screen_name': 'ronaldmblessed', 'name': 'Ronald Massenburg', 'id': '1317474162185744386'}]",,,,
1442001755621892097,1441353483949522944,2021-09-26 01:43:04 Eastern Daylight Time,2021-09-26,01:43:04,-0400,1356386088,docomo_cs,ãƒ‰ã‚³ãƒ¢å…¬å¼ã‚µãƒãƒ¼ãƒˆ,,@qMqnDMRIxis3hyB ã”è¿”ä¿¡ã‚ã‚ŠãŒã¨ã†ã”ã–ã„ã¾ã™ã€‚ iPhone 13ã‚’ã”æ¤œè¨ä¸­ã§ã—ã‚‡ã†ã‹ã€‚äº¤æ›ã¯ã§ãã¾ã›ã‚“ãŒã€ãƒ‰ã‚³ãƒ¢ã‚ªãƒ³ãƒ©ã‚¤ãƒ³ã‚·ãƒ§ãƒƒãƒ—ã§ã‚ã‚Œã°äº‹å‹™æ‰‹æ•°æ–™ç„¡æ–™ã§è²·ã„æ›¿ãˆãŒå¯èƒ½ã§ã™ã€‚ ãƒãƒ£ãƒƒãƒˆã‚µãƒãƒ¼ãƒˆã‚‚ã”ã–ã„ã¾ã™ã®ã§ã€ã”ç”¨ã®éš›ã¯ãŠå½¹ç«‹ã¦ãã ã•ã„ã€‚ã€  https://t.co/WvloPBaLTB ã€‘,ja,[],['https://bit.ly/3oMIQqF'],[],0,0,0,[],[],https://twitter.com/docomo_cs/status/1442001755621892097,False,,0,,,,,,,,"[{'screen_name': 'qMqnDMRIxis3hyB', 'name': 'ãƒ¢ãƒªã‚¿ãã‚“', 'id': '1297905854050521088'}]",,,,
1442000256074350596,1442000256074350596,2021-09-26 01:37:06 Eastern Daylight Time,2021-09-26,01:37:06,-0400,135062529,geekyranjit,Ranjit,,"Moving my main sim to the dark size â˜ºï¸ Let's see how it goes with the iPhone 13 Pro.  I'll keep updating this thread based on usage and things I find useful easier on iPhone, and things I find difficult to use compared to android phones.  Let's see how long can I last.  https://t.co/xzxN9DEiDA",en,[],[],"['https://pbs.twimg.com/media/FAMDlZeVUAEHmoj.jpg', 'https://pbs.twimg.com/media/FAMDlxSVIAURWDS.jpg']",89,49,2174,[],[],https://twitter.com/geekyranjit/status/1442000256074350596,False,,1,https://pbs.twimg.com/media/FAMDlZeVUAEHmoj.jpg,,,,,,,[],,,,
1441999649057873920,1441037223982338051,2021-09-26 01:34:42 Eastern Daylight Time,2021-09-26,01:34:42,-0400,106728983,r3dash,Ershad Kaleebullah,,"Alright, of all the games I tested, I can only confirm that Project RIP offers 120fps support currently on the iPhone 13 Pro/Pro Max. Other games will need devs to whitelist the new iPhone 13 Pros, Iâ€™m guessing. Letâ€™s see how soon it happens.  https://t.co/gYgCzIuoD5",en,[],[],"['https://pbs.twimg.com/media/FAMDB3TUYAM2FpG.jpg', 'https://pbs.twimg.com/media/FAMDB3aVkAYZ8uC.jpg']",3,1,32,[],[],https://twitter.com/r3dash/status/1441999649057873920,False,,1,https://pbs.twimg.com/media/FAMDB3TUYAM2FpG.jpg,,,,,,,[],,,,
1441998466851360777,1441998466851360777,2021-09-26 01:30:00 Eastern Daylight Time,2021-09-26,01:30:00,-0400,3305925577,httech,Hindustan Times Tech,,"Customers have started receiving their iPhone 13 series units, but many have reported bugs.   https://t.co/xACB3elYyO",en,[],['https://tech.hindustantimes.com/mobile/news/apple-iphone-13-users-are-being-hit-by-bugs-and-complaints-are-flying-71632594848453.html'],[],0,1,5,[],[],https://twitter.com/HTTech/status/1441998466851360777,False,,0,,,,,,,,[],,,,
1441997713428652033,1441997713428652033,2021-09-26 01:27:00 Eastern Daylight Time,2021-09-26,01:27:00,-0400,318393568,mikebeas,Mike Beasley,,ok so it feels like maybe the beard grabbing thing got worse than ever with the iphone 13,en,[],[],[],0,0,1,[],[],https://twitter.com/MikeBeas/status/1441997713428652033,False,,0,,,,,,,,[],,,,
1441994649770479616,1441994649770479616,2021-09-26 01:14:50 Eastern Daylight Time,2021-09-26,01:14:50,-0400,14507215,rajatagr,Rajat Agrawal,,"Those who bought the iPhone 13 from Apple Indiaâ€™s online store, did anyone face problems with trading in their old iPhone? Iâ€™m stuck between @BlueDart_ and @Apple thanks to some error in their diagnostics tool that wonâ€™t accept or reject my iPhone XS for trade-in.  https://t.co/UjxUNPoGNP",en,"[{'screen_name': 'bluedart_', 'name': 'blue dart official', 'id': '3724791493'}, {'screen_name': 'apple', 'name': 'apple', 'id': '380749300'}]",[],['https://pbs.twimg.com/media/FAL-fRcVgAMVQQO.jpg'],2,0,0,[],[],https://twitter.com/rajatagr/status/1441994649770479616,False,https://twitter.com/rajatagr/status/1441962063920730116,1,https://pbs.twimg.com/media/FAL-fRcVgAMVQQO.jpg,,,,,,,[],,,,
1441994563304968215,1441994563304968215,2021-09-26 01:14:29 Eastern Daylight Time,2021-09-26,01:14:29,-0400,48661148,webstandardat,derStandard.at/Web,,iPhone 13 Pro Max im Test: Ein AlleskÃ¶nner als Boost fÃ¼r die eigene KreativitÃ¤t:  https://t.co/wTD9BLv0bV,de,[],['https://www.derstandard.at/story/2000129912348/iphone-13-pro-max-im-test-ein-alleskoenner-als-boost?ref=rss'],[],0,1,5,[],[],https://twitter.com/webstandardat/status/1441994563304968215,False,,0,,,,,,,,[],,,,
1441994273642057737,1441994273642057737,2021-09-26 01:13:20 Eastern Daylight Time,2021-09-26,01:13:20,-0400,23085695,derstandardat,DER STANDARD,,iPhone 13 Pro Max im Test: Ein AlleskÃ¶nner als Boost fÃ¼r die eigene KreativitÃ¤t:   https://t.co/XXVNHvl91t,de,[],['https://www.derstandard.at/story/2000129912348/iphone-13-pro-max-im-test-ein-alleskoenner-als-boost?ref=rss'],[],0,0,2,[],[],https://twitter.com/derStandardat/status/1441994273642057737,False,,0,,,,,,,,[],,,,
1441993334717882368,1441991646531358724,2021-09-26 01:09:36 Eastern Daylight Time,2021-09-26,01:09:36,-0400,85741735,amazonhelp,Amazon Help,,"@abhishekjena84 As informed earlier, our app is compatible with iPhone and requires iOS 13.0 or later. Kindly update for the same. Appreciate your understanding.  -Nijo",en,[],[],[],1,0,0,[],[],https://twitter.com/AmazonHelp/status/1441993334717882368,False,,0,,,,,,,,"[{'screen_name': 'abhishekjena84', 'name': 'abhishek jena', 'id': '231631949'}]",,,,
1441992219196465156,1441991646531358724,2021-09-26 01:05:10 Eastern Daylight Time,2021-09-26,01:05:10,-0400,85741735,amazonhelp,Amazon Help,,"@abhishekjena84 We get your query regarding our mobile application. Please be informed, our app is compatible with iPhone and requires iOS 13.0 or later. Kindly update for the same. Appreciate your understanding.  -Nijo",en,[],[],[],1,0,0,[],[],https://twitter.com/AmazonHelp/status/1441992219196465156,False,,0,,,,,,,,"[{'screen_name': 'abhishekjena84', 'name': 'abhishek jena', 'id': '231631949'}]",,,,
1441986045038391304,1440391657757691907,2021-09-26 00:40:38 Eastern Daylight Time,2021-09-26,00:40:38,-0400,62601419,vzwsupport,Verizon Wireless CS,,"@Jacob_Pace2000 We have quite a few deals going on right now, and we'd be glad to go over them with you, Jacob. For the deals with the new iPhone 13 Pro, please see the page below.  https://t.co/BkiTvhUNhC *Zaak",en,[],['http://spr.ly/6013JBJ8h'],[],0,0,0,[],[],https://twitter.com/VZWSupport/status/1441986045038391304,False,,0,,,,,,,,"[{'screen_name': 'Jacob_Pace2000', 'name': 'Jacob Pace', 'id': '1349895011408740352'}]",,,,
1441985554803871753,1441981696362958854,2021-09-26 00:38:41 Eastern Daylight Time,2021-09-26,00:38:41,-0400,73876813,sharafdg,Sharaf DG,,"@Razanikanth1 Hi, currently, the iPhone 13 series retailed directly by Sharaf DG is out of stock. The prices displayed on our website are Marketplace products sold by third-party vendors. Please stay tuned in to our Website for future stock updates on your requested product.",en,[],[],[],1,0,0,[],[],https://twitter.com/SharafDG/status/1441985554803871753,False,,0,,,,,,,,"[{'screen_name': 'Razanikanth1', 'name': 'Razanikanth', 'id': '1359369903380156420'}]",,,,
1441982297276760068,1438003434423132163,2021-09-26 00:25:45 Eastern Daylight Time,2021-09-26,00:25:45,-0400,59028840,ais_thailand,AIS,,@_PLPs_ à¸ªà¸¡à¸²à¸¢à¸¥à¹Œ-à¸ à¸±à¸„à¸ˆà¸´à¸£à¸²à¸‚à¸­à¸‚à¸­à¸šà¸„à¸¸à¸“à¸„à¸¸à¸“ @_PLPs_ à¸—à¸µà¹ˆà¹ƒà¸«à¹‰à¸„à¸§à¸²à¸¡à¸ªà¸™à¹ƒà¸ˆ iPhone 13 AIS à¸ˆà¸°à¹€à¸›à¸´à¸”à¸ªà¸±à¹ˆà¸‡à¸‹à¸·à¹‰à¸­à¸¥à¹ˆà¸§à¸‡à¸«à¸™à¹‰à¸² à¸§à¸±à¸™à¸—à¸µà¹ˆ 1 à¸•à¸¸à¸¥à¸²à¸„à¸¡ 2564 à¸ªà¸³à¸«à¸£à¸±à¸šà¸£à¸²à¸„à¸²à¸à¸´à¹€à¸¨à¸© à¹à¸¥à¸° Promotion à¸•à¹ˆà¸²à¸‡à¹† à¸ˆà¸°à¸›à¸£à¸°à¸Šà¸²à¸ªà¸±à¸¡à¸à¸±à¸™à¸˜à¹Œà¸œà¹ˆà¸²à¸™à¸Šà¹ˆà¸­à¸‡à¸—à¸²à¸‡à¸•à¹ˆà¸²à¸‡à¹† à¹ƒà¸«à¹‰à¸—à¸£à¸²à¸šà¸•à¹ˆà¸­à¹„à¸›à¸„à¹ˆà¸°,th,"[{'screen_name': '_plps_', 'name': 'â™¡ plps â™¡ à¸ˆà¸¸à¹‰à¸¡à¸¸à¹‰ Ê• â€¢á´¥â€¢Ê”', 'id': '928520600284405760'}]",[],[],0,0,1,[],[],https://twitter.com/AIS_Thailand/status/1441982297276760068,False,,0,,,,,,,,"[{'screen_name': '_PLPs_', 'name': 'â™¡ PLPs â™¡ à¸ˆà¸¸à¹‰à¸¡à¸¸à¹‰ Ê• â€¢á´¥â€¢Ê”', 'id': '928520600284405760'}]",,,,
1441981967747014656,1441981967747014656,2021-09-26 00:24:26 Eastern Daylight Time,2021-09-26,00:24:26,-0400,1619325942,mothershipsg,Mothership.sg,,Mob of shoppers in China throng store for iPhone 13 on day of its release  https://t.co/omCmIbIMdR  https://t.co/5rFsS6GCYj,en,[],['https://bit.ly/3lXR8uW'],['https://pbs.twimg.com/media/FALy6O-VUAYsEHm.jpg'],9,21,73,[],[],https://twitter.com/MothershipSG/status/1441981967747014656,False,,1,https://pbs.twimg.com/media/FALy6O-VUAYsEHm.jpg,,,,,,,[],,,,
1441980703428661256,1441980703428661256,2021-09-26 00:19:25 Eastern Daylight Time,2021-09-26,00:19:25,-0400,315498416,macmixing,Dom Esposito,,Best iPhone 13 Pro Cases + Accessories!  https://t.co/QZLr8kAoyd  https://t.co/cScXheOrxm,en,[],['https://youtu.be/h5IU7_Qozb0'],['https://pbs.twimg.com/media/FALxcOHUUAIXs4o.jpg'],0,3,11,[],[],https://twitter.com/macmixing/status/1441980703428661256,False,,1,https://pbs.twimg.com/media/FALxcOHUUAIXs4o.jpg,,,,,,,[],,,,
1441979347196284932,1441539909186060292,2021-09-26 00:14:01 Eastern Daylight Time,2021-09-26,00:14:01,-0400,185728888,tmobilehelp,T-Mobile Help,,@Mialana21 @Mike_Katz We've got an amazing new line up with our iPhone 13's just out and you can experience our UC network updates with blazing fast speeds. Send our team a DM if you'd love to go over our offers.  https://t.co/9pnHCa5Kks ^Erica Ramos,en,[],['https://t-mo.cc/q1ixvulnhp'],[],0,0,0,[],[],https://twitter.com/TMobileHelp/status/1441979347196284932,False,,0,,,,,,,,"[{'screen_name': 'Mialana21', 'name': 'Mia', 'id': '1273684179960467463'}, {'screen_name': 'Mike_Katz', 'name': 'Mike Katz', 'id': '1880757913'}]",,,,
1441979113405763587,1441979113405763587,2021-09-26 00:13:05 Eastern Daylight Time,2021-09-26,00:13:05,-0400,835839927443062788,shokeensanchit,Sanchit Shokeen,,"#Apple iPhone 13 Pro Max after Skin!   Me &amp; my better half just discovered an amazing Skin shop! HIGHLY IMPRESSEDğŸ”¥  So, Guys try skins they are fun &amp; available for every smartphone!  https://t.co/rTaefVAC0w",en,[],[],"['https://pbs.twimg.com/media/FALwWymVgAI0nFk.jpg', 'https://pbs.twimg.com/media/FALwWyrVgAEYtUF.jpg']",35,28,677,['apple'],[],https://twitter.com/ShokeenSanchit/status/1441979113405763587,False,,1,https://pbs.twimg.com/media/FALwWymVgAI0nFk.jpg,,,,,,,[],,,,
1441978897579479043,1441978897579479043,2021-09-26 00:12:14 Eastern Daylight Time,2021-09-26,00:12:14,-0400,75055786,teddyloidspace,TeddyLoid,,ãŠ—ï¸iPhone 13ç™ºå£²ğŸŠ @Apple   HIKAKIN - iPhone 13 Pro &amp; Max ã® èˆ (TeddyLoid Remix) @hikakin @SeikinTV   ã€æ‚²å ±ã€‘iPhone13 Proã‚·ãƒªãƒ¼ã‚ºå…¨ç¨®é¡é«˜ã•ï¼“mæ°´æ·±ï¼•mã«è½ä¸‹&amp;æ°´æ²¡â€¦ã€é–‹å°ãƒ¬ãƒ“ãƒ¥ãƒ¼ã€‘ã€iPhone 13 Pro Maxã€‘ã€ãƒ’ã‚«ã‚­ãƒ³TVã€‘  https://t.co/Go74OeW6sz @YouTubeã‚ˆã‚Š  https://t.co/BBBMVD8TI5,ja,"[{'screen_name': 'apple', 'name': 'apple', 'id': '380749300'}, {'screen_name': 'hikakin', 'name': 'hikakinğŸ˜ãƒ’ã‚«ã‚­ãƒ³ ã€youtuberã€‘', 'id': '130447415'}, {'screen_name': 'seikintv', 'name': 'seikinğŸ”¥ (ã‚»ã‚¤ã‚­ãƒ³)', 'id': '509722453'}, {'screen_name': 'youtube', 'name': 'youtube', 'id': '10228272'}]",['https://youtu.be/ogCdR7TSgoc'],[],37,412,3098,[],[],https://twitter.com/TeddyLoidSpace/status/1441978897579479043,False,,1,https://pbs.twimg.com/ext_tw_video_thumb/1441978764032757763/pu/img/eK4_PfY8MzAK7bmw.jpg,,,,,,,[],,,,
1441975828305178630,1441975828305178630,2021-09-26 00:00:02 Eastern Daylight Time,2021-09-26,00:00:02,-0400,18055351,snazzyq,Quinn Nelson,,WTF. Apple isnâ€™t even hiding deliberate attempts at sabotaging 3rd party repair on iPhone 13â€”itâ€™s somehow even worse than prior gens. Extremely frustrating and further proof the environment means nothing to them over their bottom line. #righttorepair  https://t.co/gHnwOFSVQs,en,[],['https://www.youtube.com/watch?v=LgU5G41-c2g'],[],42,117,1040,['righttorepair'],[],https://twitter.com/SnazzyQ/status/1441975828305178630,False,,0,,,,,,,,[],,,,
